"","nga_y","date_from","articles","calendar","degree_of_centralization","foreign_coins","formal_legal_code","full_time_bureaucrats","history","indigenous_coins","irrigation_systems","markets","mnemonic_devices","paper_currency","polity_territory","population_of_the_largest_settlement","postal_stations","practical_literature","precious_metals","professional_priesthood","professional_soldiers","religious_levels","roads","sacred_texts","script","settlement_hierarchy","specialized_government_buildings","tokens","written_records"
"1","Basin of Mexico",-1200,TRUE,FALSE,2,FALSE,FALSE,FALSE,FALSE,FALSE,NA,FALSE,TRUE,FALSE,NA,1000,FALSE,FALSE,FALSE,FALSE,FALSE,1,NA,FALSE,FALSE,2,FALSE,NA,FALSE
"2","Basin of Mexico",-800,TRUE,FALSE,2,FALSE,FALSE,FALSE,FALSE,FALSE,TRUE,FALSE,TRUE,FALSE,NA,3000,FALSE,FALSE,FALSE,FALSE,FALSE,1,NA,FALSE,FALSE,2,NA,NA,FALSE
"3","Basin of Mexico",-400,TRUE,FALSE,2,FALSE,FALSE,NA,FALSE,FALSE,TRUE,NA,TRUE,FALSE,NA,20000,NA,FALSE,FALSE,TRUE,NA,2,NA,FALSE,FALSE,3,TRUE,NA,FALSE
"4","Basin of Mexico",-100,TRUE,FALSE,2,FALSE,FALSE,NA,FALSE,FALSE,TRUE,TRUE,TRUE,FALSE,NA,40000,NA,FALSE,FALSE,TRUE,NA,2,NA,FALSE,FALSE,3,TRUE,NA,FALSE
"5","Basin of Mexico",-6000,NA,FALSE,NA,NA,FALSE,NA,FALSE,NA,FALSE,FALSE,TRUE,NA,NA,NA,NA,FALSE,NA,NA,NA,NA,NA,FALSE,FALSE,1,FALSE,NA,FALSE
"6","Basin of Mexico",-2000,NA,FALSE,NA,NA,FALSE,NA,FALSE,NA,NA,NA,TRUE,NA,NA,3000,NA,FALSE,NA,NA,NA,NA,NA,FALSE,FALSE,2,FALSE,NA,FALSE
"7","Basin of Mexico",1427,NA,TRUE,NA,NA,TRUE,TRUE,TRUE,NA,TRUE,TRUE,TRUE,NA,28070,150000,NA,FALSE,NA,TRUE,TRUE,NA,NA,TRUE,TRUE,5,TRUE,NA,FALSE
"8","Basin of Mexico",650,NA,TRUE,NA,NA,NA,TRUE,FALSE,NA,NA,TRUE,TRUE,NA,NA,25000,NA,FALSE,NA,TRUE,TRUE,NA,NA,TRUE,TRUE,3,TRUE,NA,FALSE
"9","Basin of Mexico",1200,NA,TRUE,NA,NA,NA,TRUE,FALSE,NA,NA,TRUE,TRUE,NA,NA,20000,NA,FALSE,NA,TRUE,TRUE,NA,NA,NA,TRUE,3,TRUE,NA,FALSE
"10","Basin of Mexico",900,NA,TRUE,NA,NA,NA,TRUE,FALSE,NA,NA,TRUE,TRUE,NA,20000,30000,NA,FALSE,NA,TRUE,TRUE,NA,NA,NA,TRUE,4,TRUE,NA,FALSE
"11","Basin of Mexico",100,NA,NA,NA,NA,NA,NA,NA,NA,NA,TRUE,NA,NA,NA,1e+05,NA,NA,NA,NA,NA,NA,NA,NA,NA,3,NA,NA,NA
"12","Big Island Hawaii",1778,TRUE,FALSE,4,FALSE,FALSE,TRUE,FALSE,FALSE,TRUE,NA,NA,FALSE,15000,NA,NA,FALSE,FALSE,TRUE,TRUE,2,FALSE,FALSE,FALSE,2,FALSE,TRUE,FALSE
"13","Big Island Hawaii",1000,NA,FALSE,2,FALSE,FALSE,FALSE,FALSE,FALSE,FALSE,NA,NA,FALSE,1700,NA,NA,FALSE,FALSE,FALSE,FALSE,NA,NA,FALSE,FALSE,1,FALSE,NA,FALSE
"14","Big Island Hawaii",1200,NA,FALSE,2,FALSE,FALSE,FALSE,FALSE,FALSE,TRUE,NA,NA,FALSE,1500,NA,FALSE,FALSE,FALSE,TRUE,FALSE,NA,FALSE,FALSE,FALSE,1,FALSE,NA,FALSE
"15","Big Island Hawaii",1650,NA,FALSE,4,FALSE,FALSE,FALSE,FALSE,FALSE,TRUE,NA,NA,FALSE,7000,NA,FALSE,FALSE,FALSE,TRUE,TRUE,2,TRUE,FALSE,FALSE,2,FALSE,NA,FALSE
"16","Cahokia",1050,TRUE,FALSE,0,FALSE,NA,FALSE,FALSE,FALSE,FALSE,FALSE,NA,FALSE,2000,10000,FALSE,FALSE,FALSE,TRUE,NA,3,TRUE,FALSE,FALSE,4,TRUE,NA,FALSE
"17","Cahokia",1200,TRUE,FALSE,0,FALSE,NA,FALSE,FALSE,FALSE,FALSE,FALSE,NA,FALSE,2000,10000,FALSE,FALSE,FALSE,TRUE,NA,3,TRUE,FALSE,FALSE,4,TRUE,NA,FALSE
"18","Cahokia",-600,TRUE,FALSE,NA,FALSE,FALSE,FALSE,FALSE,FALSE,FALSE,FALSE,NA,FALSE,NA,30,FALSE,FALSE,NA,FALSE,FALSE,NA,FALSE,FALSE,FALSE,1,FALSE,NA,FALSE
"19","Cahokia",900,TRUE,FALSE,0,FALSE,NA,FALSE,FALSE,FALSE,FALSE,FALSE,NA,FALSE,100,400,FALSE,FALSE,FALSE,TRUE,FALSE,3,TRUE,FALSE,FALSE,3,TRUE,TRUE,FALSE
"20","Cahokia",450,TRUE,FALSE,NA,FALSE,FALSE,FALSE,FALSE,FALSE,FALSE,FALSE,NA,FALSE,NA,30,FALSE,FALSE,NA,FALSE,FALSE,NA,FALSE,FALSE,FALSE,1,FALSE,NA,FALSE
"21","Cahokia",-150,TRUE,FALSE,NA,FALSE,FALSE,FALSE,FALSE,FALSE,FALSE,FALSE,NA,FALSE,NA,30,FALSE,FALSE,NA,FALSE,FALSE,NA,FALSE,FALSE,FALSE,1,FALSE,NA,FALSE
"22","Cahokia",600,TRUE,FALSE,NA,FALSE,FALSE,FALSE,FALSE,FALSE,FALSE,FALSE,NA,FALSE,NA,30,FALSE,FALSE,NA,FALSE,FALSE,NA,FALSE,FALSE,FALSE,1,FALSE,NA,FALSE
"23","Cahokia",300,TRUE,FALSE,NA,FALSE,FALSE,FALSE,FALSE,FALSE,FALSE,FALSE,NA,FALSE,NA,30,FALSE,FALSE,NA,FALSE,FALSE,NA,FALSE,FALSE,FALSE,1,FALSE,NA,FALSE
"24","Cahokia",1275,TRUE,FALSE,0,FALSE,NA,FALSE,FALSE,FALSE,FALSE,FALSE,NA,FALSE,500,5000,FALSE,FALSE,FALSE,TRUE,NA,3,TRUE,FALSE,FALSE,3,FALSE,NA,FALSE
"25","Cahokia",750,TRUE,FALSE,NA,FALSE,FALSE,FALSE,FALSE,FALSE,FALSE,FALSE,NA,FALSE,100,400,FALSE,FALSE,NA,FALSE,FALSE,2,FALSE,FALSE,FALSE,2,FALSE,NA,FALSE
"26","Cahokia",1640,NA,NA,2,NA,FALSE,NA,NA,NA,NA,NA,TRUE,NA,14000,2000,NA,NA,NA,NA,NA,1,FALSE,NA,NA,1,TRUE,NA,NA
"27","Cahokia",1400,NA,FALSE,2,FALSE,FALSE,NA,FALSE,FALSE,FALSE,FALSE,NA,FALSE,6000,200,NA,FALSE,NA,FALSE,NA,1,FALSE,FALSE,FALSE,2,NA,NA,FALSE
"28","Cambodian Basin",1594,FALSE,TRUE,NA,TRUE,TRUE,TRUE,TRUE,TRUE,TRUE,TRUE,NA,FALSE,NA,155000,NA,TRUE,TRUE,TRUE,FALSE,6,FALSE,TRUE,TRUE,4,FALSE,TRUE,TRUE
"29","Cambodian Basin",1782,FALSE,TRUE,3,TRUE,TRUE,TRUE,TRUE,TRUE,TRUE,TRUE,NA,TRUE,513120,50000,NA,TRUE,FALSE,TRUE,FALSE,6,TRUE,TRUE,TRUE,4,FALSE,TRUE,TRUE
"30","Cambodian Basin",225,TRUE,TRUE,3,TRUE,TRUE,NA,TRUE,FALSE,TRUE,FALSE,NA,FALSE,257034,2000,NA,TRUE,TRUE,TRUE,TRUE,2,TRUE,TRUE,TRUE,3,TRUE,FALSE,TRUE
"31","Cambodian Basin",1080,TRUE,TRUE,4,FALSE,TRUE,TRUE,TRUE,FALSE,TRUE,TRUE,TRUE,FALSE,939245,750000,TRUE,TRUE,TRUE,TRUE,TRUE,4,TRUE,TRUE,TRUE,6,TRUE,FALSE,TRUE
"32","Cambodian Basin",802,TRUE,TRUE,4,TRUE,TRUE,TRUE,TRUE,FALSE,TRUE,TRUE,TRUE,FALSE,916847,4e+05,FALSE,TRUE,TRUE,TRUE,TRUE,4,TRUE,TRUE,TRUE,5,TRUE,FALSE,TRUE
"33","Cambodian Basin",1220,TRUE,TRUE,4,TRUE,TRUE,TRUE,TRUE,FALSE,TRUE,TRUE,TRUE,FALSE,1e+06,750000,FALSE,TRUE,TRUE,TRUE,TRUE,4,TRUE,TRUE,TRUE,6,NA,FALSE,TRUE
"34","Cambodian Basin",1432,TRUE,TRUE,4,TRUE,TRUE,TRUE,TRUE,FALSE,TRUE,TRUE,TRUE,FALSE,280000,NA,FALSE,TRUE,TRUE,TRUE,TRUE,6,TRUE,TRUE,TRUE,6,NA,FALSE,TRUE
"35","Cambodian Basin",640,TRUE,TRUE,3,NA,TRUE,TRUE,TRUE,FALSE,TRUE,FALSE,NA,FALSE,531000,60000,NA,TRUE,TRUE,TRUE,NA,4,TRUE,TRUE,TRUE,3,NA,FALSE,TRUE
"36","Cambodian Basin",540,TRUE,TRUE,3,TRUE,TRUE,TRUE,TRUE,TRUE,TRUE,FALSE,NA,FALSE,264200,2000,NA,TRUE,TRUE,TRUE,FALSE,2,TRUE,TRUE,TRUE,3,NA,FALSE,TRUE
"37","Cambodian Basin",-1200,NA,NA,NA,NA,NA,NA,NA,NA,NA,NA,NA,NA,NA,100,NA,NA,NA,NA,NA,NA,NA,NA,NA,1,NA,NA,NA
"38","Cambodian Basin",-500,NA,NA,NA,NA,NA,NA,NA,NA,NA,NA,NA,NA,NA,100,NA,NA,NA,NA,NA,NA,NA,NA,NA,1,NA,NA,NA
"39","Central Java",500,TRUE,NA,NA,NA,NA,NA,NA,TRUE,TRUE,TRUE,NA,NA,NA,NA,NA,NA,NA,TRUE,NA,1,NA,NA,TRUE,1,NA,NA,TRUE
"40","Central Java",1049,TRUE,NA,1,NA,TRUE,TRUE,NA,TRUE,TRUE,TRUE,NA,NA,50000,NA,NA,NA,NA,TRUE,TRUE,3,TRUE,NA,TRUE,3,NA,NA,TRUE
"41","Central Java",1291,TRUE,NA,0,TRUE,TRUE,TRUE,TRUE,FALSE,TRUE,TRUE,NA,NA,5e+05,1e+05,NA,NA,TRUE,TRUE,TRUE,3,TRUE,NA,TRUE,3,TRUE,NA,TRUE
"42","Central Java",1568,TRUE,NA,0,NA,TRUE,TRUE,TRUE,NA,NA,NA,NA,NA,90000,NA,NA,TRUE,NA,TRUE,TRUE,1,TRUE,NA,TRUE,3,TRUE,NA,TRUE
"43","Central Java",732,TRUE,NA,1,NA,TRUE,TRUE,NA,TRUE,TRUE,TRUE,NA,FALSE,1e+05,1000,NA,NA,NA,TRUE,TRUE,1,TRUE,TRUE,TRUE,2,TRUE,NA,TRUE
"44","Central Java",-400,NA,NA,NA,NA,NA,NA,NA,NA,TRUE,NA,NA,NA,NA,NA,NA,NA,NA,NA,NA,NA,NA,NA,NA,1,NA,NA,TRUE
"45","Chuuk Islands",1775,TRUE,FALSE,2,FALSE,FALSE,FALSE,FALSE,FALSE,FALSE,FALSE,FALSE,FALSE,NA,100,FALSE,FALSE,FALSE,FALSE,FALSE,1,FALSE,FALSE,FALSE,1,FALSE,FALSE,FALSE
"46","Chuuk Islands",1886,TRUE,TRUE,0,TRUE,TRUE,TRUE,FALSE,FALSE,FALSE,NA,FALSE,TRUE,127,NA,FALSE,FALSE,FALSE,FALSE,FALSE,1,TRUE,TRUE,TRUE,2,TRUE,FALSE,TRUE
"47","Crete",-1450,TRUE,TRUE,NA,FALSE,FALSE,TRUE,FALSE,FALSE,NA,TRUE,NA,FALSE,4000,10000,FALSE,FALSE,TRUE,TRUE,NA,3,TRUE,FALSE,TRUE,1,TRUE,TRUE,TRUE
"48","Crete",-1700,TRUE,NA,2,NA,FALSE,TRUE,FALSE,FALSE,TRUE,TRUE,NA,FALSE,NA,25000,FALSE,FALSE,TRUE,TRUE,NA,NA,TRUE,NA,TRUE,1,TRUE,TRUE,TRUE
"49","Crete",-1900,TRUE,NA,2,FALSE,FALSE,TRUE,FALSE,FALSE,NA,TRUE,NA,FALSE,NA,17100,FALSE,FALSE,TRUE,NA,NA,NA,NA,NA,TRUE,1,TRUE,TRUE,TRUE
"50","Crete",-3000,TRUE,FALSE,2,FALSE,FALSE,NA,FALSE,FALSE,NA,FALSE,NA,FALSE,NA,2600,FALSE,FALSE,TRUE,NA,NA,1,NA,FALSE,FALSE,1,TRUE,TRUE,FALSE
"51","Crete",-31,TRUE,TRUE,4,TRUE,TRUE,TRUE,TRUE,TRUE,TRUE,TRUE,NA,FALSE,5800000,9e+05,TRUE,TRUE,TRUE,TRUE,TRUE,4,TRUE,TRUE,TRUE,7,TRUE,TRUE,TRUE
"52","Crete",-710,TRUE,TRUE,2,TRUE,TRUE,TRUE,FALSE,FALSE,TRUE,TRUE,NA,FALSE,167,4000,FALSE,FALSE,TRUE,TRUE,TRUE,5,TRUE,TRUE,TRUE,1,TRUE,TRUE,TRUE
"53","Crete",-500,TRUE,TRUE,2,TRUE,TRUE,TRUE,TRUE,TRUE,TRUE,TRUE,NA,FALSE,210,4000,FALSE,TRUE,TRUE,TRUE,TRUE,5,TRUE,TRUE,TRUE,1,TRUE,TRUE,TRUE
"54","Crete",824,TRUE,TRUE,4,TRUE,TRUE,TRUE,TRUE,TRUE,TRUE,TRUE,NA,FALSE,8336,12000,FALSE,TRUE,TRUE,TRUE,TRUE,4,TRUE,TRUE,TRUE,3,NA,TRUE,TRUE
"55","Crete",-1200,TRUE,FALSE,2,FALSE,FALSE,NA,FALSE,FALSE,NA,NA,NA,FALSE,NA,1000,FALSE,FALSE,NA,NA,NA,NA,TRUE,FALSE,FALSE,1,NA,TRUE,FALSE
"56","Crete",-1000,TRUE,NA,2,TRUE,NA,NA,FALSE,FALSE,TRUE,NA,NA,FALSE,NA,6000,FALSE,FALSE,TRUE,NA,NA,NA,TRUE,FALSE,TRUE,1,NA,TRUE,TRUE
"57","Crete",-323,TRUE,TRUE,2,TRUE,TRUE,TRUE,TRUE,TRUE,TRUE,TRUE,NA,NA,210,24000,FALSE,TRUE,NA,TRUE,TRUE,5,TRUE,TRUE,TRUE,1,TRUE,TRUE,TRUE
"58","Crete",-1300,TRUE,TRUE,2,FALSE,FALSE,TRUE,FALSE,FALSE,NA,TRUE,NA,FALSE,NA,1000,FALSE,FALSE,NA,TRUE,NA,NA,TRUE,FALSE,TRUE,4,TRUE,TRUE,TRUE
"59","Crete",632,TRUE,TRUE,4,TRUE,TRUE,TRUE,TRUE,TRUE,TRUE,TRUE,FALSE,FALSE,520000,80000,TRUE,TRUE,TRUE,TRUE,TRUE,7,TRUE,TRUE,TRUE,6,TRUE,FALSE,TRUE
"60","Crete",961,TRUE,TRUE,4,TRUE,TRUE,TRUE,TRUE,TRUE,TRUE,TRUE,FALSE,FALSE,810000,3e+05,TRUE,TRUE,TRUE,TRUE,TRUE,7,TRUE,TRUE,TRUE,6,TRUE,NA,TRUE
"61","Crete",1073,TRUE,TRUE,4,TRUE,TRUE,TRUE,TRUE,TRUE,TRUE,TRUE,FALSE,FALSE,480000,1e+05,TRUE,TRUE,TRUE,TRUE,TRUE,7,TRUE,TRUE,TRUE,6,TRUE,TRUE,TRUE
"62","Crete",395,TRUE,TRUE,4,TRUE,TRUE,TRUE,TRUE,TRUE,TRUE,TRUE,TRUE,FALSE,1400000,5e+05,TRUE,TRUE,TRUE,TRUE,TRUE,7,TRUE,TRUE,TRUE,6,TRUE,TRUE,TRUE
"63","Crete",284,TRUE,TRUE,4,FALSE,TRUE,TRUE,TRUE,TRUE,TRUE,TRUE,NA,FALSE,4e+06,8e+05,TRUE,TRUE,TRUE,TRUE,TRUE,5,TRUE,TRUE,TRUE,7,TRUE,TRUE,TRUE
"64","Crete",-7000,NA,FALSE,2,FALSE,FALSE,FALSE,FALSE,FALSE,NA,FALSE,NA,FALSE,NA,35,FALSE,FALSE,NA,FALSE,FALSE,1,NA,FALSE,FALSE,1,FALSE,NA,FALSE
"65","Cuzco",1532,TRUE,TRUE,3,TRUE,TRUE,TRUE,TRUE,TRUE,TRUE,TRUE,NA,FALSE,7100000,224000,TRUE,TRUE,TRUE,TRUE,TRUE,10,TRUE,TRUE,TRUE,7,TRUE,NA,TRUE
"66","Cuzco",1400,TRUE,FALSE,4,FALSE,TRUE,TRUE,FALSE,FALSE,TRUE,TRUE,TRUE,FALSE,5e+05,20000,TRUE,FALSE,FALSE,TRUE,TRUE,4,TRUE,FALSE,FALSE,5,TRUE,TRUE,FALSE
"67","Cuzco",650,TRUE,FALSE,4,FALSE,FALSE,NA,FALSE,FALSE,TRUE,FALSE,NA,FALSE,20000,30000,NA,FALSE,FALSE,TRUE,TRUE,NA,TRUE,FALSE,FALSE,5,NA,FALSE,FALSE
"68","Cuzco",200,NA,FALSE,NA,FALSE,FALSE,FALSE,FALSE,FALSE,TRUE,FALSE,NA,FALSE,600,NA,NA,FALSE,NA,FALSE,FALSE,NA,NA,FALSE,FALSE,3,FALSE,NA,FALSE
"69","Cuzco",500,NA,FALSE,2,FALSE,FALSE,NA,FALSE,FALSE,TRUE,FALSE,NA,FALSE,1000,NA,NA,FALSE,NA,NA,NA,NA,NA,FALSE,FALSE,3,NA,NA,FALSE
"70","Cuzco",1000,NA,FALSE,2,FALSE,FALSE,FALSE,FALSE,FALSE,TRUE,FALSE,FALSE,FALSE,500,NA,NA,FALSE,NA,NA,NA,NA,FALSE,FALSE,FALSE,4,NA,NA,FALSE
"71","Cuzco",1250,NA,FALSE,2,FALSE,TRUE,TRUE,FALSE,FALSE,TRUE,TRUE,NA,FALSE,2300,NA,NA,FALSE,NA,NA,TRUE,2,TRUE,FALSE,FALSE,4,TRUE,NA,FALSE
"72","Cuzco",1,NA,FALSE,NA,FALSE,FALSE,NA,FALSE,FALSE,TRUE,FALSE,NA,FALSE,NA,NA,NA,FALSE,NA,NA,NA,NA,NA,FALSE,FALSE,3,NA,NA,FALSE
"73","Deccan",-2700,TRUE,FALSE,2,FALSE,NA,NA,FALSE,FALSE,NA,NA,NA,FALSE,NA,NA,FALSE,FALSE,FALSE,FALSE,FALSE,NA,NA,FALSE,NA,1,NA,FALSE,NA
"74","Deccan",541,TRUE,NA,4,NA,TRUE,TRUE,TRUE,TRUE,TRUE,TRUE,NA,NA,750000,70000,NA,TRUE,NA,TRUE,TRUE,5,NA,TRUE,TRUE,4,TRUE,NA,TRUE
"75","Deccan",974,TRUE,NA,0,NA,TRUE,NA,TRUE,TRUE,TRUE,NA,NA,NA,6e+05,50000,NA,TRUE,NA,TRUE,NA,4,NA,TRUE,TRUE,3,NA,NA,TRUE
"76","Deccan",1192,TRUE,NA,4,NA,TRUE,TRUE,NA,TRUE,TRUE,NA,NA,NA,1e+05,NA,NA,TRUE,NA,TRUE,TRUE,1,NA,TRUE,NA,3,NA,TRUE,NA
"77","Deccan",451,TRUE,TRUE,4,NA,NA,TRUE,NA,TRUE,NA,NA,NA,NA,50000,NA,NA,TRUE,NA,TRUE,NA,1,NA,TRUE,TRUE,4,NA,NA,TRUE
"78","Deccan",1280,TRUE,NA,4,NA,TRUE,TRUE,NA,TRUE,TRUE,NA,NA,NA,10000,NA,NA,TRUE,NA,NA,TRUE,1,NA,NA,TRUE,3,TRUE,NA,TRUE
"79","Deccan",-300,TRUE,TRUE,4,TRUE,TRUE,TRUE,NA,TRUE,TRUE,TRUE,NA,FALSE,4e+06,50000,TRUE,TRUE,TRUE,TRUE,TRUE,1,TRUE,TRUE,TRUE,4,TRUE,NA,TRUE
"80","Deccan",1687,TRUE,NA,4,TRUE,TRUE,TRUE,TRUE,TRUE,TRUE,TRUE,NA,FALSE,3200000,4e+05,TRUE,NA,NA,NA,TRUE,1,TRUE,TRUE,TRUE,4,TRUE,TRUE,TRUE
"81","Deccan",757,TRUE,TRUE,0,TRUE,TRUE,TRUE,TRUE,TRUE,TRUE,TRUE,NA,FALSE,6e+05,1e+05,NA,TRUE,TRUE,TRUE,TRUE,5,TRUE,TRUE,TRUE,3,NA,NA,TRUE
"82","Deccan",-100,TRUE,TRUE,4,TRUE,TRUE,TRUE,NA,TRUE,TRUE,TRUE,NA,NA,1400000,84000,NA,TRUE,NA,TRUE,TRUE,1,TRUE,TRUE,TRUE,4,TRUE,NA,TRUE
"83","Deccan",286,TRUE,TRUE,4,NA,TRUE,TRUE,NA,TRUE,NA,FALSE,NA,NA,9e+05,NA,NA,TRUE,NA,TRUE,TRUE,1,NA,TRUE,TRUE,5,TRUE,NA,TRUE
"84","Deccan",1337,TRUE,NA,1,TRUE,TRUE,TRUE,NA,TRUE,TRUE,TRUE,NA,NA,350000,150000,NA,TRUE,NA,TRUE,TRUE,0,TRUE,TRUE,TRUE,3,TRUE,NA,TRUE
"85","Deccan",-1200,NA,NA,2,NA,NA,NA,NA,NA,TRUE,NA,NA,NA,NA,5000,FALSE,NA,NA,NA,NA,1,NA,NA,NA,2,NA,NA,NA
"86","Deccan",1780,NA,TRUE,0,TRUE,TRUE,TRUE,TRUE,TRUE,TRUE,TRUE,NA,TRUE,30800000,9e+05,TRUE,TRUE,NA,TRUE,TRUE,NA,TRUE,TRUE,TRUE,6,TRUE,NA,TRUE
"87","Deccan",-205,NA,NA,2,NA,NA,TRUE,NA,TRUE,TRUE,NA,NA,NA,NA,NA,NA,NA,NA,TRUE,NA,NA,NA,NA,TRUE,2,TRUE,NA,TRUE
"88","Finger Lakes",1566,TRUE,FALSE,0,FALSE,TRUE,FALSE,FALSE,FALSE,FALSE,FALSE,TRUE,FALSE,1e+05,600,FALSE,FALSE,FALSE,FALSE,FALSE,1,FALSE,FALSE,FALSE,2,FALSE,TRUE,FALSE
"89","Finger Lakes",1714,TRUE,FALSE,0,TRUE,TRUE,FALSE,FALSE,FALSE,FALSE,FALSE,TRUE,FALSE,1e+05,600,FALSE,FALSE,FALSE,FALSE,FALSE,2,FALSE,TRUE,TRUE,3,FALSE,TRUE,TRUE
"90","Finger Lakes",1300,NA,NA,NA,NA,NA,NA,NA,NA,NA,NA,NA,NA,73218,1000,NA,NA,NA,NA,NA,NA,NA,NA,NA,2,FALSE,NA,NA
"91","Galilee",-300,TRUE,TRUE,4,TRUE,TRUE,TRUE,TRUE,TRUE,TRUE,TRUE,TRUE,FALSE,1e+06,160000,TRUE,TRUE,TRUE,TRUE,TRUE,1,TRUE,TRUE,TRUE,6,TRUE,TRUE,TRUE
"92","Galilee",-2000,TRUE,FALSE,2,FALSE,TRUE,NA,FALSE,FALSE,TRUE,TRUE,TRUE,FALSE,400,45000,NA,FALSE,TRUE,TRUE,TRUE,2,TRUE,FALSE,TRUE,6,TRUE,FALSE,TRUE
"93","Galilee",-721,TRUE,TRUE,4,FALSE,FALSE,TRUE,NA,FALSE,TRUE,NA,NA,FALSE,1400000,70000,TRUE,NA,TRUE,TRUE,TRUE,3,TRUE,NA,TRUE,6,TRUE,NA,TRUE
"94","Galilee",-538,TRUE,TRUE,4,TRUE,TRUE,TRUE,TRUE,TRUE,TRUE,TRUE,TRUE,FALSE,4800000,2e+05,TRUE,TRUE,TRUE,TRUE,TRUE,3,TRUE,TRUE,TRUE,5,TRUE,NA,TRUE
"95","Galilee",-200,TRUE,TRUE,4,TRUE,TRUE,TRUE,TRUE,TRUE,TRUE,TRUE,NA,NA,3600000,50000,TRUE,NA,NA,TRUE,TRUE,4,TRUE,TRUE,TRUE,6,TRUE,NA,TRUE
"96","Galilee",-103,NA,TRUE,3,TRUE,NA,NA,TRUE,TRUE,TRUE,TRUE,TRUE,FALSE,5000,10000,NA,TRUE,TRUE,TRUE,TRUE,NA,TRUE,TRUE,TRUE,3,NA,NA,TRUE
"97","Galilee",-1030,NA,NA,3,FALSE,TRUE,TRUE,TRUE,FALSE,NA,TRUE,NA,FALSE,8000,15000,NA,NA,TRUE,TRUE,TRUE,2,TRUE,TRUE,TRUE,7,TRUE,NA,TRUE
"98","Galilee",-1180,NA,TRUE,2,TRUE,TRUE,NA,TRUE,TRUE,TRUE,TRUE,NA,FALSE,8000,40000,NA,NA,TRUE,TRUE,TRUE,5,TRUE,NA,TRUE,5,NA,NA,TRUE
"99","Garo Hills",1775,TRUE,FALSE,2,FALSE,FALSE,FALSE,FALSE,FALSE,FALSE,FALSE,FALSE,FALSE,NA,2000,FALSE,FALSE,FALSE,FALSE,FALSE,1,FALSE,FALSE,FALSE,2,FALSE,NA,FALSE
"100","Garo Hills",1868,TRUE,TRUE,0,TRUE,NA,FALSE,FALSE,FALSE,FALSE,FALSE,TRUE,TRUE,8000,7000,TRUE,NA,FALSE,FALSE,FALSE,1,FALSE,TRUE,TRUE,3,NA,FALSE,TRUE
"101","Ghanaian Coast",1702,TRUE,TRUE,3,FALSE,FALSE,TRUE,FALSE,FALSE,FALSE,TRUE,TRUE,FALSE,259000,22500,FALSE,FALSE,TRUE,TRUE,FALSE,4,TRUE,TRUE,TRUE,4,NA,TRUE,TRUE
"102","Ghanaian Coast",1501,TRUE,FALSE,2,FALSE,FALSE,FALSE,FALSE,FALSE,FALSE,NA,TRUE,FALSE,NA,NA,FALSE,FALSE,TRUE,TRUE,FALSE,2,FALSE,FALSE,FALSE,3,FALSE,TRUE,FALSE
"103","Iceland",930,TRUE,TRUE,1,TRUE,TRUE,FALSE,TRUE,FALSE,FALSE,FALSE,NA,FALSE,103000,200,FALSE,TRUE,TRUE,TRUE,TRUE,2,FALSE,TRUE,TRUE,3,FALSE,FALSE,TRUE
"104","Iceland",1262,TRUE,TRUE,0,TRUE,TRUE,TRUE,TRUE,FALSE,FALSE,FALSE,NA,FALSE,103000,200,FALSE,TRUE,TRUE,TRUE,TRUE,4,FALSE,TRUE,TRUE,3,FALSE,FALSE,TRUE
"105","Kachi Plain",1207,TRUE,NA,3,TRUE,TRUE,TRUE,TRUE,TRUE,TRUE,TRUE,NA,TRUE,2800000,2e+05,TRUE,TRUE,NA,TRUE,TRUE,5,TRUE,TRUE,TRUE,6,TRUE,TRUE,TRUE
"106","Kachi Plain",-1800,TRUE,FALSE,0,FALSE,FALSE,FALSE,FALSE,FALSE,FALSE,NA,NA,FALSE,NA,450,FALSE,FALSE,TRUE,TRUE,FALSE,1,FALSE,FALSE,FALSE,1,FALSE,TRUE,FALSE
"107","Kachi Plain",1748,TRUE,TRUE,0,TRUE,TRUE,FALSE,TRUE,TRUE,TRUE,TRUE,NA,TRUE,489000,NA,FALSE,TRUE,NA,FALSE,TRUE,1,FALSE,TRUE,TRUE,3,TRUE,TRUE,TRUE
"108","Kachi Plain",496,TRUE,TRUE,1,TRUE,NA,TRUE,TRUE,TRUE,TRUE,TRUE,TRUE,FALSE,2750000,NA,NA,TRUE,TRUE,TRUE,TRUE,1,TRUE,TRUE,TRUE,2,TRUE,NA,TRUE
"109","Kachi Plain",30,TRUE,TRUE,3,TRUE,TRUE,TRUE,NA,TRUE,TRUE,TRUE,NA,FALSE,2e+06,150000,NA,TRUE,TRUE,TRUE,TRUE,2,TRUE,TRUE,TRUE,4,TRUE,NA,TRUE
"110","Kachi Plain",-303,TRUE,TRUE,4,TRUE,TRUE,TRUE,NA,TRUE,TRUE,TRUE,NA,FALSE,4e+06,50000,TRUE,TRUE,TRUE,TRUE,TRUE,1,TRUE,TRUE,TRUE,4,TRUE,NA,TRUE
"111","Kachi Plain",1526,TRUE,NA,4,TRUE,TRUE,TRUE,TRUE,TRUE,TRUE,TRUE,NA,FALSE,3200000,4e+05,TRUE,NA,NA,NA,TRUE,1,TRUE,TRUE,TRUE,4,TRUE,TRUE,TRUE
"112","Kachi Plain",750,TRUE,TRUE,4,TRUE,TRUE,TRUE,TRUE,TRUE,TRUE,TRUE,TRUE,FALSE,8300000,9e+05,TRUE,TRUE,TRUE,FALSE,TRUE,2,TRUE,TRUE,TRUE,6,TRUE,NA,TRUE
"113","Kachi Plain",-550,TRUE,TRUE,4,TRUE,TRUE,TRUE,TRUE,TRUE,TRUE,TRUE,TRUE,FALSE,4800000,2e+05,TRUE,TRUE,TRUE,TRUE,TRUE,3,TRUE,TRUE,TRUE,5,TRUE,NA,TRUE
"114","Kachi Plain",-95,TRUE,TRUE,3,NA,NA,TRUE,TRUE,TRUE,TRUE,TRUE,NA,FALSE,3e+06,4e+05,TRUE,TRUE,TRUE,TRUE,TRUE,3,TRUE,TRUE,TRUE,4,TRUE,NA,TRUE
"115","Kachi Plain",532,TRUE,TRUE,4,TRUE,TRUE,TRUE,TRUE,TRUE,TRUE,TRUE,NA,FALSE,3450000,5e+05,TRUE,TRUE,NA,TRUE,TRUE,4,NA,TRUE,TRUE,6,TRUE,NA,TRUE
"116","Kachi Plain",-2500,TRUE,NA,2,FALSE,NA,TRUE,NA,FALSE,FALSE,TRUE,NA,FALSE,1e+05,1e+05,TRUE,NA,TRUE,TRUE,FALSE,2,TRUE,NA,TRUE,3,TRUE,NA,TRUE
"117","Kachi Plain",-2100,TRUE,NA,2,FALSE,NA,TRUE,NA,FALSE,FALSE,TRUE,NA,FALSE,1e+05,1e+05,TRUE,NA,TRUE,TRUE,FALSE,2,TRUE,NA,TRUE,3,TRUE,NA,TRUE
"118","Kachi Plain",670,TRUE,TRUE,4,TRUE,TRUE,TRUE,TRUE,TRUE,TRUE,TRUE,TRUE,FALSE,9e+06,2e+05,TRUE,TRUE,TRUE,TRUE,TRUE,2,TRUE,TRUE,TRUE,6,TRUE,NA,TRUE
"119","Kachi Plain",1193,NA,TRUE,0,NA,TRUE,TRUE,TRUE,TRUE,NA,TRUE,NA,NA,9e+05,NA,NA,TRUE,NA,TRUE,TRUE,1,NA,TRUE,TRUE,2,TRUE,NA,TRUE
"120","Kachi Plain",251,NA,NA,4,TRUE,TRUE,TRUE,TRUE,TRUE,TRUE,TRUE,NA,FALSE,3100000,250000,TRUE,TRUE,NA,TRUE,FALSE,4,TRUE,NA,TRUE,5,TRUE,NA,TRUE
"121","Kachi Plain",-7500,NA,FALSE,2,FALSE,FALSE,FALSE,FALSE,FALSE,FALSE,TRUE,NA,FALSE,NA,400,FALSE,FALSE,NA,FALSE,FALSE,1,NA,FALSE,FALSE,1,FALSE,TRUE,FALSE
"122","Kachi Plain",-1300,NA,FALSE,2,FALSE,NA,NA,FALSE,FALSE,TRUE,TRUE,NA,FALSE,NA,NA,NA,FALSE,NA,NA,NA,NA,TRUE,FALSE,FALSE,1,FALSE,NA,FALSE
"123","Kachi Plain",-5500,NA,FALSE,2,FALSE,FALSE,FALSE,FALSE,FALSE,TRUE,TRUE,NA,FALSE,NA,400,FALSE,FALSE,NA,FALSE,FALSE,1,NA,FALSE,FALSE,1,FALSE,TRUE,FALSE
"124","Kachi Plain",-4000,NA,FALSE,2,FALSE,FALSE,FALSE,FALSE,FALSE,TRUE,TRUE,NA,FALSE,NA,1200,FALSE,FALSE,NA,TRUE,FALSE,1,NA,FALSE,FALSE,2,FALSE,TRUE,FALSE
"125","Kachi Plain",-3200,NA,FALSE,2,FALSE,FALSE,FALSE,FALSE,FALSE,TRUE,TRUE,NA,FALSE,NA,1100,FALSE,FALSE,NA,TRUE,FALSE,1,NA,FALSE,FALSE,2,FALSE,TRUE,FALSE
"126","Kachi Plain",862,NA,TRUE,4,TRUE,TRUE,NA,NA,TRUE,TRUE,NA,NA,NA,140914,NA,NA,NA,NA,TRUE,TRUE,2,NA,TRUE,TRUE,3,TRUE,TRUE,TRUE
"127","Kachi Plain",1340,NA,NA,4,TRUE,TRUE,NA,NA,TRUE,TRUE,NA,NA,NA,140914,NA,NA,TRUE,NA,FALSE,TRUE,2,NA,TRUE,TRUE,3,NA,TRUE,TRUE
"128","Kachi Plain",-145,NA,NA,1,TRUE,TRUE,TRUE,NA,TRUE,TRUE,TRUE,NA,NA,105226,NA,NA,NA,NA,TRUE,TRUE,NA,TRUE,TRUE,TRUE,2,TRUE,TRUE,TRUE
"129","Kansai",1185,TRUE,TRUE,3,TRUE,TRUE,TRUE,TRUE,FALSE,TRUE,TRUE,NA,FALSE,295000,1e+05,TRUE,NA,TRUE,TRUE,TRUE,2,TRUE,TRUE,TRUE,5,TRUE,NA,TRUE
"130","Kansai",1336,TRUE,TRUE,3,TRUE,TRUE,TRUE,TRUE,FALSE,TRUE,TRUE,NA,FALSE,295000,40000,TRUE,TRUE,TRUE,TRUE,TRUE,2,TRUE,TRUE,TRUE,6,TRUE,NA,TRUE
"131","Kansai",538,TRUE,NA,4,TRUE,TRUE,TRUE,TRUE,TRUE,TRUE,NA,NA,FALSE,1e+05,NA,TRUE,NA,NA,TRUE,TRUE,2,TRUE,NA,TRUE,4,TRUE,NA,TRUE
"132","Kansai",1568,TRUE,TRUE,2,TRUE,TRUE,TRUE,TRUE,TRUE,TRUE,TRUE,NA,FALSE,295000,3e+05,TRUE,TRUE,TRUE,TRUE,TRUE,2,TRUE,TRUE,TRUE,5,TRUE,NA,TRUE
"133","Kansai",794,TRUE,TRUE,4,TRUE,TRUE,TRUE,TRUE,TRUE,TRUE,TRUE,NA,FALSE,250000,2e+05,NA,TRUE,TRUE,TRUE,TRUE,1,TRUE,TRUE,TRUE,4,TRUE,NA,TRUE
"134","Kansai",250,TRUE,TRUE,2,TRUE,NA,NA,TRUE,FALSE,TRUE,NA,NA,FALSE,1e+05,NA,NA,TRUE,NA,TRUE,TRUE,1,TRUE,FALSE,TRUE,3,NA,NA,TRUE
"135","Kansai",1467,TRUE,TRUE,2,NA,TRUE,TRUE,NA,TRUE,NA,NA,NA,NA,15000,40000,NA,NA,NA,TRUE,FALSE,2,NA,NA,TRUE,4,TRUE,NA,TRUE
"136","Kansai",1603,TRUE,TRUE,3,FALSE,TRUE,TRUE,TRUE,TRUE,TRUE,TRUE,NA,TRUE,295000,570361,TRUE,TRUE,TRUE,TRUE,TRUE,2,TRUE,TRUE,TRUE,6,TRUE,NA,TRUE
"137","Kansai",-300,TRUE,FALSE,2,TRUE,FALSE,FALSE,FALSE,FALSE,TRUE,NA,NA,FALSE,NA,1000,FALSE,FALSE,NA,NA,TRUE,1,NA,FALSE,TRUE,2,FALSE,NA,TRUE
"138","Kansai",-13600,NA,FALSE,2,NA,FALSE,FALSE,FALSE,FALSE,FALSE,FALSE,NA,FALSE,NA,NA,FALSE,FALSE,NA,FALSE,FALSE,NA,FALSE,FALSE,FALSE,1,FALSE,NA,FALSE
"139","Kansai",-9200,NA,FALSE,2,NA,FALSE,FALSE,FALSE,FALSE,FALSE,NA,NA,FALSE,NA,NA,FALSE,FALSE,NA,FALSE,FALSE,NA,FALSE,FALSE,FALSE,1,FALSE,NA,FALSE
"140","Kansai",-5300,NA,FALSE,2,NA,FALSE,FALSE,FALSE,FALSE,FALSE,NA,NA,FALSE,NA,400,FALSE,FALSE,NA,FALSE,FALSE,NA,FALSE,FALSE,FALSE,1,FALSE,NA,FALSE
"141","Kansai",-3500,NA,FALSE,2,NA,FALSE,FALSE,FALSE,FALSE,FALSE,NA,TRUE,FALSE,NA,400,FALSE,FALSE,NA,FALSE,FALSE,NA,FALSE,FALSE,FALSE,2,FALSE,NA,FALSE
"142","Kansai",-1200,NA,FALSE,2,NA,FALSE,FALSE,FALSE,FALSE,FALSE,NA,NA,FALSE,NA,400,FALSE,FALSE,NA,NA,FALSE,1,FALSE,FALSE,FALSE,1,FALSE,NA,FALSE
"143","Kansai",-2500,NA,FALSE,2,NA,FALSE,FALSE,FALSE,FALSE,FALSE,NA,NA,FALSE,NA,400,FALSE,FALSE,NA,FALSE,FALSE,1,FALSE,FALSE,FALSE,2,FALSE,NA,FALSE
"144","Kapuasi Basin",1650,TRUE,FALSE,2,FALSE,FALSE,FALSE,FALSE,FALSE,FALSE,FALSE,TRUE,FALSE,NA,25,FALSE,FALSE,FALSE,FALSE,FALSE,1,FALSE,FALSE,FALSE,1,FALSE,FALSE,FALSE
"145","Kapuasi Basin",1842,TRUE,TRUE,0,TRUE,TRUE,FALSE,FALSE,FALSE,FALSE,TRUE,TRUE,TRUE,124450,25,FALSE,FALSE,FALSE,TRUE,FALSE,1,FALSE,TRUE,TRUE,1,FALSE,FALSE,TRUE
"146","Konya Plain",-7000,FALSE,FALSE,NA,FALSE,NA,FALSE,FALSE,FALSE,FALSE,FALSE,NA,FALSE,NA,NA,NA,FALSE,NA,NA,NA,1,FALSE,FALSE,FALSE,1,FALSE,FALSE,FALSE
"147","Konya Plain",-31,TRUE,TRUE,4,TRUE,TRUE,TRUE,TRUE,TRUE,TRUE,TRUE,NA,FALSE,5800000,9e+05,TRUE,TRUE,TRUE,TRUE,TRUE,4,TRUE,TRUE,TRUE,7,TRUE,TRUE,TRUE
"148","Konya Plain",-670,TRUE,TRUE,3,FALSE,NA,TRUE,TRUE,TRUE,NA,NA,NA,FALSE,250000,6000,NA,TRUE,TRUE,TRUE,TRUE,3,TRUE,NA,TRUE,3,TRUE,NA,TRUE
"149","Konya Plain",-546,TRUE,TRUE,4,TRUE,TRUE,TRUE,TRUE,TRUE,TRUE,TRUE,TRUE,FALSE,4800000,2e+05,TRUE,TRUE,TRUE,TRUE,TRUE,3,TRUE,TRUE,TRUE,5,TRUE,NA,TRUE
"150","Konya Plain",1263,TRUE,TRUE,4,TRUE,TRUE,TRUE,TRUE,TRUE,TRUE,TRUE,NA,TRUE,3800000,1e+05,TRUE,TRUE,TRUE,TRUE,TRUE,3,TRUE,TRUE,TRUE,4,TRUE,NA,TRUE
"151","Konya Plain",-281,TRUE,TRUE,4,TRUE,TRUE,TRUE,TRUE,TRUE,TRUE,TRUE,NA,NA,3600000,50000,TRUE,NA,NA,TRUE,TRUE,4,TRUE,TRUE,TRUE,6,TRUE,NA,TRUE
"152","Konya Plain",-3000,TRUE,FALSE,2,NA,NA,NA,FALSE,NA,NA,NA,NA,NA,NA,NA,FALSE,FALSE,TRUE,NA,NA,NA,NA,FALSE,FALSE,2,TRUE,NA,FALSE
"153","Konya Plain",-1500,TRUE,TRUE,NA,FALSE,TRUE,TRUE,TRUE,FALSE,TRUE,TRUE,NA,FALSE,50000,12000,NA,NA,TRUE,TRUE,NA,3,TRUE,NA,TRUE,3,FALSE,FALSE,TRUE
"154","Konya Plain",-2000,TRUE,TRUE,2,NA,NA,TRUE,NA,NA,TRUE,TRUE,NA,NA,15000,9000,NA,NA,TRUE,TRUE,FALSE,1,TRUE,NA,TRUE,2,TRUE,NA,TRUE
"155","Konya Plain",632,TRUE,TRUE,4,TRUE,TRUE,TRUE,TRUE,TRUE,TRUE,TRUE,FALSE,FALSE,520000,80000,TRUE,TRUE,TRUE,TRUE,TRUE,7,TRUE,TRUE,TRUE,6,TRUE,FALSE,TRUE
"156","Konya Plain",867,TRUE,TRUE,4,TRUE,TRUE,TRUE,TRUE,TRUE,TRUE,TRUE,FALSE,FALSE,810000,3e+05,TRUE,TRUE,TRUE,TRUE,TRUE,7,TRUE,TRUE,TRUE,6,TRUE,NA,TRUE
"157","Konya Plain",-129,TRUE,TRUE,4,NA,FALSE,TRUE,NA,TRUE,TRUE,TRUE,NA,FALSE,130000,NA,NA,TRUE,NA,TRUE,TRUE,4,TRUE,TRUE,TRUE,3,TRUE,NA,TRUE
"158","Konya Plain",-5000,TRUE,FALSE,2,NA,FALSE,NA,FALSE,NA,NA,NA,NA,NA,90,2500,FALSE,FALSE,NA,NA,TRUE,1,FALSE,FALSE,FALSE,2,NA,NA,FALSE
"159","Konya Plain",395,TRUE,TRUE,4,TRUE,TRUE,TRUE,TRUE,TRUE,TRUE,TRUE,TRUE,FALSE,1400000,5e+05,TRUE,TRUE,TRUE,TRUE,TRUE,7,TRUE,TRUE,TRUE,6,TRUE,TRUE,TRUE
"160","Konya Plain",-1344,TRUE,TRUE,4,FALSE,TRUE,TRUE,TRUE,FALSE,TRUE,TRUE,FALSE,FALSE,3e+05,15000,NA,TRUE,TRUE,TRUE,TRUE,4,TRUE,NA,TRUE,3,FALSE,FALSE,TRUE
"161","Konya Plain",-1650,TRUE,TRUE,4,FALSE,TRUE,TRUE,TRUE,FALSE,TRUE,TRUE,NA,FALSE,50000,11000,NA,NA,TRUE,TRUE,NA,3,TRUE,NA,TRUE,3,TRUE,FALSE,TRUE
"162","Konya Plain",-300,TRUE,TRUE,0,TRUE,TRUE,TRUE,TRUE,TRUE,TRUE,TRUE,NA,FALSE,420000,NA,NA,TRUE,NA,TRUE,TRUE,2,TRUE,TRUE,TRUE,3,TRUE,NA,TRUE
"163","Konya Plain",1393,TRUE,TRUE,4,TRUE,TRUE,TRUE,TRUE,TRUE,TRUE,TRUE,TRUE,FALSE,70000,20000,TRUE,TRUE,TRUE,TRUE,TRUE,2,TRUE,TRUE,TRUE,4,NA,NA,TRUE
"164","Konya Plain",1421,TRUE,TRUE,4,TRUE,TRUE,TRUE,TRUE,TRUE,TRUE,TRUE,TRUE,FALSE,866000,70000,TRUE,TRUE,TRUE,TRUE,TRUE,4,TRUE,TRUE,TRUE,5,TRUE,NA,TRUE
"165","Konya Plain",1517,TRUE,TRUE,4,TRUE,TRUE,TRUE,TRUE,TRUE,TRUE,TRUE,TRUE,FALSE,4836000,650000,TRUE,TRUE,TRUE,TRUE,TRUE,4,TRUE,TRUE,TRUE,6,TRUE,NA,TRUE
"166","Konya Plain",1683,TRUE,TRUE,4,TRUE,TRUE,TRUE,TRUE,TRUE,TRUE,TRUE,TRUE,FALSE,4920000,7e+05,TRUE,TRUE,NA,TRUE,TRUE,4,TRUE,TRUE,TRUE,6,TRUE,NA,TRUE
"167","Konya Plain",-836,TRUE,TRUE,0,NA,NA,NA,NA,NA,TRUE,NA,NA,NA,1e+05,15000,NA,TRUE,NA,NA,NA,1,TRUE,NA,TRUE,3,NA,NA,TRUE
"168","Konya Plain",284,TRUE,TRUE,4,FALSE,TRUE,TRUE,TRUE,TRUE,TRUE,TRUE,NA,FALSE,4e+06,8e+05,TRUE,TRUE,TRUE,TRUE,TRUE,5,TRUE,TRUE,TRUE,7,TRUE,TRUE,TRUE
"169","Konya Plain",1093,TRUE,TRUE,3,TRUE,TRUE,TRUE,TRUE,TRUE,NA,NA,NA,FALSE,250000,30000,NA,TRUE,TRUE,TRUE,TRUE,4,TRUE,TRUE,TRUE,4,TRUE,NA,TRUE
"170","Konya Plain",-900,TRUE,NA,2,FALSE,NA,NA,NA,FALSE,NA,NA,NA,FALSE,4000,NA,NA,NA,NA,NA,NA,NA,NA,NA,TRUE,3,NA,NA,TRUE
"171","Konya Plain",-9600,NA,FALSE,NA,FALSE,NA,FALSE,FALSE,FALSE,NA,NA,FALSE,FALSE,NA,NA,FALSE,FALSE,NA,NA,NA,1,NA,FALSE,FALSE,1,FALSE,NA,FALSE
"172","Konya Plain",-6600,NA,FALSE,NA,FALSE,NA,FALSE,FALSE,FALSE,FALSE,NA,FALSE,FALSE,NA,3500,FALSE,FALSE,NA,NA,NA,1,FALSE,FALSE,FALSE,1,FALSE,NA,FALSE
"173","Konya Plain",-6000,NA,FALSE,2,FALSE,FALSE,FALSE,FALSE,FALSE,NA,NA,FALSE,FALSE,NA,2500,FALSE,FALSE,NA,NA,FALSE,1,NA,FALSE,FALSE,2,FALSE,FALSE,FALSE
"174","Konya Plain",-1180,NA,NA,2,NA,TRUE,TRUE,NA,NA,TRUE,TRUE,NA,NA,300,12000,NA,NA,NA,TRUE,NA,2,TRUE,NA,NA,3,NA,NA,NA
"175","Latium",-1800,TRUE,FALSE,2,FALSE,FALSE,FALSE,FALSE,FALSE,FALSE,FALSE,NA,FALSE,3,20,FALSE,FALSE,NA,FALSE,FALSE,1,FALSE,FALSE,FALSE,1,FALSE,NA,FALSE
"176","Latium",-3600,TRUE,FALSE,2,FALSE,FALSE,FALSE,FALSE,FALSE,FALSE,FALSE,NA,FALSE,NA,NA,FALSE,FALSE,FALSE,FALSE,FALSE,1,FALSE,FALSE,FALSE,1,FALSE,FALSE,FALSE
"177","Latium",-31,TRUE,TRUE,4,TRUE,TRUE,TRUE,TRUE,TRUE,TRUE,TRUE,NA,FALSE,5800000,9e+05,TRUE,TRUE,TRUE,TRUE,TRUE,4,TRUE,TRUE,TRUE,7,TRUE,TRUE,TRUE
"178","Latium",493,TRUE,TRUE,4,TRUE,TRUE,TRUE,TRUE,TRUE,TRUE,TRUE,NA,FALSE,635000,1e+05,TRUE,TRUE,TRUE,TRUE,TRUE,5,TRUE,TRUE,TRUE,6,TRUE,NA,TRUE
"179","Latium",904,TRUE,TRUE,0,TRUE,TRUE,TRUE,TRUE,FALSE,TRUE,TRUE,TRUE,FALSE,6000,35000,FALSE,TRUE,TRUE,TRUE,TRUE,6,TRUE,TRUE,TRUE,5,TRUE,TRUE,TRUE
"180","Latium",1198,TRUE,TRUE,4,TRUE,TRUE,TRUE,TRUE,TRUE,TRUE,TRUE,TRUE,FALSE,44000,35000,FALSE,TRUE,TRUE,TRUE,TRUE,6,TRUE,TRUE,TRUE,4,TRUE,FALSE,TRUE
"181","Latium",1527,TRUE,TRUE,NA,TRUE,TRUE,TRUE,TRUE,TRUE,TRUE,TRUE,TRUE,FALSE,44000,99312,TRUE,TRUE,TRUE,TRUE,TRUE,6,TRUE,TRUE,TRUE,4,TRUE,FALSE,TRUE
"182","Latium",1648,TRUE,TRUE,NA,TRUE,TRUE,TRUE,TRUE,TRUE,TRUE,TRUE,TRUE,TRUE,44000,158000,FALSE,TRUE,TRUE,TRUE,TRUE,6,TRUE,TRUE,TRUE,4,TRUE,FALSE,TRUE
"183","Latium",1378,TRUE,TRUE,0,TRUE,TRUE,TRUE,TRUE,TRUE,TRUE,TRUE,TRUE,FALSE,44000,55000,FALSE,TRUE,TRUE,TRUE,TRUE,5,TRUE,TRUE,TRUE,4,TRUE,FALSE,TRUE
"184","Latium",568,TRUE,TRUE,1,TRUE,TRUE,TRUE,TRUE,TRUE,TRUE,TRUE,NA,FALSE,50000,30000,FALSE,TRUE,TRUE,TRUE,FALSE,5,TRUE,TRUE,TRUE,6,TRUE,NA,TRUE
"185","Latium",-509,TRUE,TRUE,4,TRUE,TRUE,FALSE,TRUE,TRUE,FALSE,TRUE,NA,FALSE,5000,50000,FALSE,TRUE,TRUE,TRUE,TRUE,4,TRUE,TRUE,TRUE,5,TRUE,TRUE,TRUE
"186","Latium",-133,TRUE,TRUE,4,TRUE,TRUE,FALSE,TRUE,TRUE,TRUE,TRUE,NA,FALSE,1950000,4e+05,FALSE,TRUE,TRUE,TRUE,TRUE,4,TRUE,TRUE,TRUE,7,TRUE,FALSE,TRUE
"187","Latium",-264,TRUE,TRUE,4,TRUE,TRUE,FALSE,TRUE,TRUE,TRUE,TRUE,NA,FALSE,130000,4e+05,FALSE,TRUE,TRUE,TRUE,TRUE,4,TRUE,TRUE,TRUE,5,TRUE,FALSE,TRUE
"188","Latium",-716,TRUE,TRUE,4,FALSE,TRUE,FALSE,NA,FALSE,FALSE,TRUE,NA,FALSE,1000,4000,FALSE,TRUE,NA,TRUE,FALSE,1,TRUE,TRUE,TRUE,2,TRUE,NA,TRUE
"189","Latium",395,TRUE,TRUE,4,TRUE,TRUE,TRUE,TRUE,TRUE,NA,TRUE,NA,FALSE,2e+06,5e+05,TRUE,TRUE,TRUE,TRUE,TRUE,8,TRUE,TRUE,TRUE,6,TRUE,FALSE,TRUE
"190","Latium",711,TRUE,TRUE,1,TRUE,TRUE,TRUE,TRUE,TRUE,TRUE,TRUE,NA,FALSE,50000,70000,FALSE,TRUE,NA,TRUE,FALSE,5,TRUE,TRUE,TRUE,5,TRUE,FALSE,TRUE
"191","Latium",284,TRUE,TRUE,4,FALSE,TRUE,TRUE,TRUE,TRUE,TRUE,TRUE,NA,FALSE,4e+06,8e+05,TRUE,TRUE,TRUE,TRUE,TRUE,5,TRUE,TRUE,TRUE,7,TRUE,TRUE,TRUE
"192","Latium",-1000,NA,TRUE,NA,NA,FALSE,FALSE,FALSE,FALSE,NA,NA,NA,FALSE,NA,100,NA,FALSE,NA,TRUE,FALSE,1,NA,FALSE,FALSE,1,FALSE,NA,FALSE
"193","Lena River Valley",1400,TRUE,FALSE,2,FALSE,FALSE,FALSE,FALSE,FALSE,FALSE,FALSE,FALSE,FALSE,NA,100,FALSE,FALSE,FALSE,FALSE,FALSE,1,FALSE,FALSE,FALSE,1,FALSE,FALSE,FALSE
"194","Lena River Valley",1643,TRUE,FALSE,0,TRUE,TRUE,FALSE,FALSE,FALSE,FALSE,FALSE,TRUE,FALSE,NA,NA,TRUE,FALSE,FALSE,FALSE,FALSE,1,TRUE,TRUE,TRUE,1,TRUE,FALSE,TRUE
"195","Lowland Andes",1534,TRUE,FALSE,2,FALSE,FALSE,FALSE,FALSE,FALSE,FALSE,FALSE,FALSE,FALSE,16,300,FALSE,FALSE,TRUE,FALSE,FALSE,2,FALSE,FALSE,FALSE,1,FALSE,FALSE,FALSE
"196","Lowland Andes",1831,TRUE,FALSE,2,TRUE,FALSE,FALSE,FALSE,FALSE,FALSE,FALSE,FALSE,FALSE,NA,300,FALSE,FALSE,TRUE,FALSE,FALSE,1,FALSE,FALSE,FALSE,1,FALSE,FALSE,FALSE
"197","Middle Ganga",1206,TRUE,NA,3,TRUE,TRUE,TRUE,TRUE,TRUE,TRUE,TRUE,NA,TRUE,2800000,2e+05,TRUE,TRUE,NA,TRUE,TRUE,5,TRUE,TRUE,TRUE,6,TRUE,TRUE,TRUE
"198","Middle Ganga",35,TRUE,TRUE,3,TRUE,TRUE,TRUE,NA,TRUE,TRUE,TRUE,NA,FALSE,2e+06,150000,NA,TRUE,TRUE,TRUE,TRUE,2,TRUE,TRUE,TRUE,4,TRUE,NA,TRUE
"199","Middle Ganga",-600,TRUE,FALSE,NA,FALSE,FALSE,FALSE,FALSE,FALSE,TRUE,NA,NA,FALSE,NA,12000,FALSE,FALSE,TRUE,TRUE,TRUE,2,NA,FALSE,NA,4,FALSE,FALSE,FALSE
"200","Middle Ganga",-324,TRUE,TRUE,4,TRUE,TRUE,TRUE,NA,TRUE,TRUE,TRUE,NA,FALSE,4e+06,50000,TRUE,TRUE,TRUE,TRUE,TRUE,1,TRUE,TRUE,TRUE,4,TRUE,NA,TRUE
"201","Middle Ganga",1526,TRUE,NA,4,TRUE,TRUE,TRUE,TRUE,TRUE,TRUE,TRUE,NA,FALSE,3200000,4e+05,TRUE,NA,NA,NA,TRUE,1,TRUE,TRUE,TRUE,4,TRUE,TRUE,TRUE
"202","Middle Ganga",780,TRUE,TRUE,0,TRUE,TRUE,TRUE,TRUE,TRUE,TRUE,TRUE,NA,FALSE,6e+05,1e+05,NA,TRUE,TRUE,TRUE,TRUE,5,TRUE,TRUE,TRUE,3,NA,NA,TRUE
"203","Middle Ganga",320,NA,TRUE,0,NA,TRUE,NA,TRUE,TRUE,TRUE,NA,NA,NA,8e+05,150000,NA,TRUE,NA,TRUE,TRUE,5,NA,TRUE,TRUE,4,TRUE,TRUE,TRUE
"204","Middle Ganga",550,NA,TRUE,NA,NA,NA,NA,NA,NA,NA,NA,NA,NA,NA,NA,NA,TRUE,NA,NA,NA,NA,NA,TRUE,TRUE,NA,TRUE,NA,TRUE
"205","Middle Ganga",-64,NA,TRUE,NA,NA,NA,NA,NA,NA,NA,NA,NA,NA,NA,NA,NA,TRUE,NA,NA,NA,NA,NA,TRUE,TRUE,NA,TRUE,NA,TRUE
"206","Middle Ganga",1090,NA,TRUE,NA,NA,NA,NA,NA,NA,NA,NA,NA,NA,3e+05,80000,NA,TRUE,NA,NA,NA,NA,NA,TRUE,TRUE,NA,TRUE,NA,TRUE
"207","Middle Ganga",810,NA,TRUE,NA,NA,NA,NA,NA,NA,NA,NA,NA,NA,1e+06,80000,NA,TRUE,NA,NA,NA,NA,NA,TRUE,TRUE,NA,TRUE,NA,TRUE
"208","Middle Ganga",650,NA,TRUE,NA,NA,NA,TRUE,NA,NA,NA,NA,NA,NA,NA,120000,NA,TRUE,NA,TRUE,NA,NA,NA,TRUE,TRUE,NA,TRUE,NA,TRUE
"209","Middle Ganga",-187,NA,TRUE,NA,NA,NA,NA,NA,TRUE,NA,NA,NA,NA,4e+06,50000,NA,TRUE,NA,NA,NA,NA,NA,TRUE,TRUE,4,TRUE,NA,TRUE
"210","Middle Ganga",-3000,NA,NA,NA,NA,NA,NA,NA,NA,NA,NA,NA,NA,NA,NA,NA,NA,NA,NA,NA,NA,NA,NA,NA,1,NA,NA,NA
"211","Middle Ganga",-7000,NA,NA,NA,NA,NA,NA,NA,NA,NA,NA,NA,NA,NA,NA,NA,NA,NA,NA,NA,NA,NA,NA,NA,0,NA,NA,NA
"212","Middle Yellow River Valley",1368,FALSE,TRUE,4,TRUE,TRUE,TRUE,TRUE,TRUE,TRUE,TRUE,TRUE,TRUE,3900000,706000,TRUE,TRUE,TRUE,TRUE,TRUE,3,TRUE,TRUE,TRUE,7,TRUE,FALSE,TRUE
"213","Middle Yellow River Valley",1644,FALSE,TRUE,4,TRUE,TRUE,TRUE,TRUE,TRUE,TRUE,TRUE,TRUE,TRUE,13100000,668200,TRUE,TRUE,TRUE,TRUE,NA,3,TRUE,TRUE,TRUE,7,TRUE,FALSE,TRUE
"214","Middle Yellow River Valley",265,TRUE,TRUE,4,NA,TRUE,TRUE,TRUE,TRUE,TRUE,TRUE,TRUE,FALSE,4500000,6e+05,TRUE,TRUE,TRUE,FALSE,NA,1,TRUE,TRUE,TRUE,6,TRUE,NA,TRUE
"215","Middle Yellow River Valley",-1650,TRUE,TRUE,2,FALSE,FALSE,NA,NA,FALSE,TRUE,NA,NA,FALSE,350000,78000,FALSE,NA,NA,TRUE,TRUE,2,TRUE,NA,TRUE,3,TRUE,TRUE,FALSE
"216","Middle Yellow River Valley",-794,TRUE,TRUE,0,FALSE,TRUE,TRUE,TRUE,FALSE,TRUE,TRUE,NA,FALSE,160000,NA,TRUE,TRUE,TRUE,TRUE,TRUE,NA,TRUE,FALSE,TRUE,4,TRUE,TRUE,TRUE
"217","Middle Yellow River Valley",1127,TRUE,TRUE,4,NA,TRUE,TRUE,TRUE,TRUE,TRUE,TRUE,TRUE,TRUE,3600000,NA,TRUE,TRUE,TRUE,TRUE,TRUE,3,TRUE,TRUE,TRUE,NA,TRUE,NA,TRUE
"218","Middle Yellow River Valley",-1250,TRUE,TRUE,4,FALSE,FALSE,TRUE,NA,FALSE,TRUE,NA,NA,FALSE,1e+06,4000,NA,NA,TRUE,TRUE,TRUE,3,TRUE,NA,TRUE,3,TRUE,TRUE,TRUE
"219","Middle Yellow River Valley",25,TRUE,TRUE,4,FALSE,TRUE,TRUE,TRUE,TRUE,TRUE,TRUE,TRUE,FALSE,6500000,420000,TRUE,TRUE,TRUE,FALSE,TRUE,1,TRUE,FALSE,TRUE,6,TRUE,NA,TRUE
"220","Middle Yellow River Valley",960,TRUE,TRUE,4,NA,TRUE,TRUE,TRUE,TRUE,TRUE,TRUE,TRUE,TRUE,3033000,5e+05,TRUE,TRUE,TRUE,TRUE,TRUE,2,TRUE,TRUE,TRUE,7,TRUE,NA,TRUE
"221","Middle Yellow River Valley",386,TRUE,TRUE,4,TRUE,TRUE,TRUE,TRUE,TRUE,TRUE,TRUE,TRUE,FALSE,5e+05,6e+05,TRUE,TRUE,NA,FALSE,FALSE,2,TRUE,TRUE,TRUE,5,TRUE,TRUE,TRUE
"222","Middle Yellow River Valley",1796,TRUE,TRUE,4,TRUE,TRUE,TRUE,TRUE,TRUE,TRUE,TRUE,TRUE,TRUE,11300000,890892,TRUE,TRUE,TRUE,TRUE,TRUE,3,TRUE,TRUE,TRUE,7,TRUE,FALSE,TRUE
"223","Middle Yellow River Valley",581,TRUE,TRUE,4,NA,TRUE,TRUE,TRUE,TRUE,TRUE,TRUE,TRUE,FALSE,3e+06,5e+05,TRUE,TRUE,TRUE,FALSE,TRUE,3,TRUE,TRUE,TRUE,3,TRUE,NA,TRUE
"224","Middle Yellow River Valley",618,TRUE,TRUE,4,NA,TRUE,TRUE,TRUE,TRUE,TRUE,TRUE,TRUE,FALSE,6475000,1e+06,TRUE,TRUE,TRUE,TRUE,TRUE,3,TRUE,TRUE,TRUE,6,TRUE,NA,TRUE
"225","Middle Yellow River Valley",763,TRUE,TRUE,3,NA,TRUE,TRUE,TRUE,TRUE,TRUE,TRUE,TRUE,FALSE,8e+05,1e+06,TRUE,TRUE,TRUE,TRUE,TRUE,3,TRUE,TRUE,TRUE,3,TRUE,NA,TRUE
"226","Middle Yellow River Valley",-202,TRUE,TRUE,4,FALSE,TRUE,TRUE,TRUE,TRUE,TRUE,TRUE,TRUE,TRUE,4917000,250000,TRUE,TRUE,TRUE,FALSE,FALSE,3,TRUE,NA,TRUE,6,TRUE,NA,TRUE
"227","Middle Yellow River Valley",-1122,TRUE,TRUE,4,FALSE,NA,TRUE,TRUE,FALSE,TRUE,TRUE,NA,FALSE,850000,125000,TRUE,TRUE,NA,TRUE,TRUE,2,TRUE,NA,TRUE,5,TRUE,TRUE,TRUE
"228","Middle Yellow River Valley",1271,TRUE,TRUE,4,NA,TRUE,TRUE,TRUE,TRUE,TRUE,TRUE,TRUE,TRUE,2.4e+07,8e+05,TRUE,TRUE,TRUE,TRUE,TRUE,3,TRUE,TRUE,TRUE,7,TRUE,NA,TRUE
"229","Middle Yellow River Valley",-338,NA,TRUE,4,FALSE,TRUE,TRUE,TRUE,TRUE,TRUE,TRUE,TRUE,FALSE,820000,350000,TRUE,TRUE,TRUE,FALSE,TRUE,NA,TRUE,FALSE,TRUE,5,TRUE,TRUE,TRUE
"230","Middle Yellow River Valley",-5000,NA,FALSE,2,FALSE,NA,NA,FALSE,FALSE,NA,NA,NA,FALSE,NA,200,FALSE,FALSE,NA,NA,FALSE,NA,FALSE,FALSE,FALSE,2,NA,FALSE,FALSE
"231","Middle Yellow River Valley",-1850,NA,TRUE,2,FALSE,NA,FALSE,NA,FALSE,NA,NA,TRUE,FALSE,10000,3500,FALSE,NA,NA,TRUE,TRUE,1,TRUE,NA,TRUE,4,TRUE,TRUE,TRUE
"232","Middle Yellow River Valley",-488,NA,TRUE,3,FALSE,TRUE,TRUE,TRUE,TRUE,TRUE,TRUE,NA,FALSE,90000,NA,TRUE,NA,TRUE,NA,TRUE,NA,TRUE,FALSE,TRUE,4,TRUE,TRUE,TRUE
"233","Middle Yellow River Valley",-3000,NA,NA,2,FALSE,NA,NA,NA,FALSE,NA,NA,NA,FALSE,1500,5000,FALSE,NA,TRUE,NA,NA,NA,TRUE,NA,TRUE,3,NA,TRUE,FALSE
"234","Niger Inland Delta",50,TRUE,FALSE,2,NA,NA,NA,FALSE,NA,FALSE,NA,NA,NA,800,500,NA,FALSE,NA,NA,NA,NA,NA,FALSE,FALSE,2,NA,NA,FALSE
"235","Niger Inland Delta",400,TRUE,FALSE,2,NA,NA,FALSE,FALSE,NA,TRUE,TRUE,NA,NA,1100,7000,FALSE,FALSE,NA,FALSE,NA,NA,NA,FALSE,FALSE,3,NA,NA,FALSE
"236","Niger Inland Delta",1591,TRUE,NA,4,NA,TRUE,TRUE,TRUE,TRUE,TRUE,TRUE,NA,NA,476000,125000,NA,TRUE,TRUE,TRUE,TRUE,3,NA,TRUE,TRUE,4,TRUE,NA,TRUE
"237","Niger Inland Delta",1712,TRUE,TRUE,4,NA,TRUE,NA,NA,NA,NA,NA,NA,NA,350000,30000,NA,NA,TRUE,TRUE,TRUE,3,TRUE,TRUE,NA,4,NA,TRUE,NA
"238","Niger Inland Delta",900,TRUE,FALSE,2,TRUE,NA,NA,FALSE,TRUE,TRUE,TRUE,NA,NA,1100,20000,NA,FALSE,NA,NA,FALSE,NA,TRUE,FALSE,FALSE,NA,NA,NA,FALSE
"239","Niger Inland Delta",1235,TRUE,TRUE,4,TRUE,FALSE,TRUE,NA,TRUE,TRUE,TRUE,NA,NA,1700000,12000,NA,TRUE,TRUE,TRUE,FALSE,2,TRUE,TRUE,TRUE,4,TRUE,TRUE,TRUE
"240","Niger Inland Delta",1494,TRUE,TRUE,4,TRUE,TRUE,TRUE,TRUE,TRUE,TRUE,TRUE,NA,FALSE,6e+05,70000,NA,TRUE,TRUE,TRUE,TRUE,3,TRUE,TRUE,TRUE,4,TRUE,TRUE,TRUE
"241","Niger Inland Delta",1100,TRUE,TRUE,4,TRUE,TRUE,TRUE,NA,TRUE,TRUE,TRUE,NA,FALSE,350000,15000,NA,TRUE,TRUE,TRUE,FALSE,3,TRUE,TRUE,TRUE,4,TRUE,NA,TRUE
"242","Niger Inland Delta",700,TRUE,FALSE,4,TRUE,TRUE,TRUE,FALSE,TRUE,TRUE,NA,NA,NA,350000,15000,NA,FALSE,TRUE,TRUE,FALSE,2,TRUE,FALSE,FALSE,4,TRUE,NA,FALSE
"243","Niger Inland Delta",-250,NA,FALSE,2,NA,NA,NA,FALSE,NA,FALSE,NA,NA,NA,5,100,NA,FALSE,NA,NA,NA,NA,NA,FALSE,FALSE,1,NA,NA,FALSE
"244","Niger Inland Delta",1640,NA,FALSE,4,NA,FALSE,FALSE,TRUE,NA,NA,FALSE,NA,NA,2e+05,NA,NA,FALSE,NA,FALSE,TRUE,1,NA,FALSE,FALSE,4,FALSE,TRUE,FALSE
"245","North Colombia",1050,TRUE,FALSE,2,NA,NA,FALSE,FALSE,NA,TRUE,TRUE,NA,NA,150,3000,NA,FALSE,TRUE,TRUE,TRUE,1,TRUE,FALSE,FALSE,3,FALSE,TRUE,FALSE
"246","North Colombia",250,NA,FALSE,2,NA,NA,FALSE,FALSE,NA,FALSE,TRUE,NA,NA,NA,400,NA,FALSE,NA,NA,NA,NA,TRUE,FALSE,FALSE,1,NA,NA,FALSE
"247","Orkhon Valley",-1400,TRUE,NA,NA,FALSE,NA,FALSE,NA,FALSE,FALSE,FALSE,NA,FALSE,7e+05,NA,NA,NA,FALSE,NA,NA,1,FALSE,NA,FALSE,1,FALSE,FALSE,FALSE
"248","Orkhon Valley",1796,TRUE,TRUE,4,TRUE,TRUE,TRUE,TRUE,TRUE,TRUE,TRUE,TRUE,TRUE,11300000,890892,TRUE,TRUE,TRUE,TRUE,TRUE,3,TRUE,TRUE,TRUE,7,TRUE,FALSE,TRUE
"249","Orkhon Valley",1271,TRUE,TRUE,4,NA,TRUE,TRUE,TRUE,TRUE,TRUE,TRUE,TRUE,TRUE,2.4e+07,8e+05,TRUE,TRUE,TRUE,TRUE,TRUE,3,TRUE,TRUE,TRUE,7,TRUE,NA,TRUE
"250","Orkhon Valley",583,TRUE,TRUE,NA,TRUE,NA,TRUE,NA,FALSE,NA,NA,NA,FALSE,4500000,NA,NA,TRUE,FALSE,TRUE,FALSE,2,NA,NA,TRUE,1,NA,FALSE,TRUE
"251","Orkhon Valley",1206,TRUE,TRUE,NA,TRUE,FALSE,TRUE,TRUE,TRUE,TRUE,TRUE,NA,FALSE,25221806,NA,TRUE,TRUE,TRUE,TRUE,TRUE,3,TRUE,NA,TRUE,5,TRUE,NA,TRUE
"252","Orkhon Valley",1126,TRUE,FALSE,2,FALSE,TRUE,FALSE,FALSE,FALSE,FALSE,FALSE,FALSE,FALSE,70000,500,FALSE,FALSE,FALSE,TRUE,TRUE,1,FALSE,FALSE,TRUE,1,FALSE,FALSE,NA
"253","Orkhon Valley",1368,TRUE,TRUE,NA,TRUE,TRUE,FALSE,TRUE,FALSE,TRUE,TRUE,NA,FALSE,2500000,NA,TRUE,TRUE,FALSE,TRUE,TRUE,3,NA,TRUE,TRUE,2,FALSE,TRUE,TRUE
"254","Orkhon Valley",300,TRUE,TRUE,3,FALSE,FALSE,FALSE,NA,FALSE,NA,FALSE,NA,FALSE,4e+06,NA,FALSE,TRUE,FALSE,TRUE,TRUE,2,NA,TRUE,TRUE,1,NA,FALSE,TRUE
"255","Orkhon Valley",841,TRUE,NA,2,FALSE,NA,NA,NA,FALSE,NA,NA,NA,FALSE,NA,NA,NA,NA,FALSE,NA,NA,NA,NA,NA,NA,NA,FALSE,FALSE,NA
"256","Orkhon Valley",684,TRUE,TRUE,0,TRUE,NA,TRUE,TRUE,FALSE,FALSE,NA,NA,FALSE,3e+06,NA,NA,TRUE,FALSE,TRUE,FALSE,2,NA,NA,TRUE,2,TRUE,FALSE,TRUE
"257","Orkhon Valley",745,TRUE,NA,3,TRUE,NA,FALSE,NA,FALSE,TRUE,TRUE,NA,FALSE,2e+06,NA,NA,NA,TRUE,TRUE,NA,3,TRUE,NA,TRUE,3,NA,TRUE,TRUE
"258","Orkhon Valley",100,TRUE,FALSE,1,FALSE,FALSE,FALSE,FALSE,FALSE,FALSE,FALSE,NA,FALSE,2300000,NA,FALSE,FALSE,FALSE,NA,NA,1,NA,FALSE,TRUE,NA,FALSE,FALSE,TRUE
"259","Orkhon Valley",-59,TRUE,NA,3,FALSE,TRUE,NA,NA,FALSE,FALSE,FALSE,NA,FALSE,3e+06,3000,NA,NA,FALSE,FALSE,FALSE,1,NA,NA,FALSE,2,NA,FALSE,FALSE
"260","Orkhon Valley",-209,TRUE,NA,3,FALSE,TRUE,FALSE,NA,FALSE,FALSE,FALSE,NA,FALSE,4e+06,3000,NA,NA,FALSE,FALSE,FALSE,1,NA,NA,FALSE,2,FALSE,FALSE,FALSE
"261","Orkhon Valley",1695,TRUE,NA,3,TRUE,TRUE,TRUE,TRUE,TRUE,TRUE,TRUE,NA,FALSE,170000,NA,TRUE,TRUE,FALSE,TRUE,TRUE,1,TRUE,TRUE,TRUE,2,FALSE,TRUE,TRUE
"262","Oro PNG",1734,TRUE,FALSE,2,FALSE,FALSE,FALSE,FALSE,FALSE,FALSE,FALSE,TRUE,FALSE,NA,600,FALSE,FALSE,FALSE,FALSE,FALSE,1,FALSE,FALSE,FALSE,1,FALSE,TRUE,FALSE
"263","Oro PNG",1884,TRUE,TRUE,0,TRUE,TRUE,TRUE,FALSE,FALSE,FALSE,TRUE,TRUE,TRUE,22800,600,FALSE,FALSE,FALSE,FALSE,TRUE,2,TRUE,TRUE,TRUE,1,TRUE,TRUE,TRUE
"264","Paris Basin",-3200,TRUE,NA,2,NA,NA,NA,NA,NA,TRUE,NA,NA,NA,NA,800,NA,NA,TRUE,NA,NA,NA,TRUE,NA,NA,1,NA,TRUE,NA
"265","Paris Basin",752,TRUE,TRUE,4,TRUE,FALSE,NA,TRUE,TRUE,FALSE,NA,NA,NA,1100000,20000,NA,TRUE,NA,TRUE,TRUE,6,NA,TRUE,TRUE,3,NA,NA,TRUE
"266","Paris Basin",-1000,TRUE,NA,0,NA,NA,FALSE,NA,NA,NA,NA,NA,NA,750,100,NA,NA,NA,FALSE,FALSE,1,NA,NA,NA,1,NA,TRUE,NA
"267","Paris Basin",-600,TRUE,NA,0,FALSE,NA,FALSE,NA,NA,NA,TRUE,NA,NA,7000,5000,NA,NA,NA,NA,FALSE,1,NA,NA,NA,2,FALSE,NA,NA
"268","Paris Basin",-31,TRUE,TRUE,4,TRUE,TRUE,TRUE,TRUE,TRUE,TRUE,TRUE,NA,FALSE,5800000,9e+05,TRUE,TRUE,TRUE,TRUE,TRUE,4,TRUE,TRUE,TRUE,7,TRUE,TRUE,TRUE
"269","Paris Basin",-2200,TRUE,NA,2,NA,NA,NA,NA,NA,TRUE,NA,NA,NA,NA,1000,NA,NA,NA,NA,NA,NA,TRUE,NA,NA,1,NA,TRUE,NA
"270","Paris Basin",840,TRUE,NA,1,TRUE,FALSE,TRUE,TRUE,TRUE,TRUE,TRUE,NA,FALSE,8e+05,10000,FALSE,NA,TRUE,TRUE,TRUE,6,TRUE,TRUE,TRUE,3,TRUE,NA,TRUE
"271","Paris Basin",-900,TRUE,NA,0,NA,NA,FALSE,NA,NA,NA,NA,NA,NA,1500,500,NA,NA,NA,FALSE,FALSE,1,NA,NA,NA,2,NA,NA,NA
"272","Paris Basin",-700,TRUE,NA,0,NA,NA,FALSE,NA,NA,NA,NA,NA,NA,2500,3000,NA,NA,NA,FALSE,FALSE,1,NA,NA,NA,2,NA,NA,NA
"273","Paris Basin",481,TRUE,NA,2,TRUE,TRUE,FALSE,TRUE,TRUE,TRUE,TRUE,NA,NA,2e+05,20000,NA,TRUE,TRUE,TRUE,TRUE,5,TRUE,NA,TRUE,4,TRUE,NA,TRUE
"274","Paris Basin",687,TRUE,NA,NA,NA,TRUE,FALSE,TRUE,TRUE,TRUE,TRUE,NA,NA,250000,20000,NA,TRUE,TRUE,TRUE,TRUE,5,TRUE,TRUE,TRUE,4,TRUE,NA,TRUE
"275","Paris Basin",543,TRUE,NA,2,TRUE,TRUE,FALSE,TRUE,TRUE,TRUE,TRUE,NA,NA,230000,20000,NA,TRUE,TRUE,TRUE,TRUE,5,TRUE,TRUE,TRUE,4,TRUE,NA,TRUE
"276","Paris Basin",-474,TRUE,FALSE,0,FALSE,FALSE,NA,FALSE,TRUE,NA,TRUE,NA,NA,1250,5000,NA,FALSE,NA,NA,NA,NA,TRUE,FALSE,FALSE,2,NA,NA,FALSE
"277","Paris Basin",-324,TRUE,FALSE,0,TRUE,FALSE,NA,FALSE,TRUE,NA,TRUE,NA,NA,1250,50,NA,FALSE,NA,TRUE,NA,NA,TRUE,FALSE,TRUE,2,TRUE,NA,TRUE
"278","Paris Basin",-174,TRUE,FALSE,1,TRUE,FALSE,NA,FALSE,TRUE,NA,TRUE,NA,FALSE,15000,8000,NA,FALSE,NA,TRUE,NA,2,TRUE,FALSE,TRUE,2,TRUE,NA,TRUE
"279","Paris Basin",284,TRUE,TRUE,4,FALSE,TRUE,TRUE,TRUE,TRUE,TRUE,TRUE,NA,FALSE,4e+06,8e+05,TRUE,TRUE,TRUE,TRUE,TRUE,5,TRUE,TRUE,TRUE,7,TRUE,TRUE,TRUE
"280","Paris Basin",1589,NA,TRUE,4,NA,TRUE,TRUE,TRUE,TRUE,TRUE,TRUE,NA,NA,931000,455000,TRUE,TRUE,NA,TRUE,TRUE,7,TRUE,TRUE,TRUE,6,TRUE,NA,TRUE
"281","Paris Basin",1660,NA,TRUE,4,NA,TRUE,TRUE,TRUE,TRUE,NA,TRUE,NA,TRUE,2e+06,556000,TRUE,TRUE,NA,TRUE,TRUE,6,TRUE,TRUE,TRUE,6,TRUE,NA,TRUE
"282","Paris Basin",1150,NA,NA,4,NA,FALSE,TRUE,TRUE,TRUE,TRUE,TRUE,NA,FALSE,80000,25000,NA,TRUE,NA,TRUE,TRUE,6,TRUE,TRUE,TRUE,5,TRUE,NA,TRUE
"283","Paris Basin",1450,NA,TRUE,4,NA,TRUE,TRUE,TRUE,TRUE,TRUE,NA,NA,NA,4e+05,250000,TRUE,TRUE,NA,TRUE,TRUE,7,TRUE,TRUE,TRUE,6,TRUE,NA,TRUE
"284","Paris Basin",1328,NA,TRUE,4,NA,TRUE,TRUE,TRUE,TRUE,TRUE,TRUE,NA,NA,390000,3e+05,NA,NA,NA,TRUE,TRUE,6,TRUE,TRUE,TRUE,5,TRUE,NA,TRUE
"285","Paris Basin",987,NA,NA,1,TRUE,FALSE,FALSE,TRUE,TRUE,TRUE,TRUE,NA,NA,12000,25000,NA,TRUE,NA,TRUE,TRUE,6,TRUE,TRUE,TRUE,4,NA,NA,TRUE
"286","Sogdiana",991,TRUE,TRUE,3,TRUE,TRUE,TRUE,TRUE,TRUE,TRUE,TRUE,NA,FALSE,2e+06,2e+05,TRUE,TRUE,TRUE,TRUE,TRUE,3,TRUE,TRUE,TRUE,3,TRUE,NA,TRUE
"287","Sogdiana",-2000,TRUE,FALSE,2,FALSE,FALSE,NA,FALSE,FALSE,TRUE,NA,NA,FALSE,1500,50,NA,FALSE,NA,NA,NA,NA,NA,FALSE,FALSE,1,NA,NA,FALSE
"288","Sogdiana",-3500,TRUE,FALSE,2,FALSE,NA,NA,FALSE,FALSE,TRUE,TRUE,NA,FALSE,NA,1750,NA,FALSE,NA,NA,NA,NA,NA,FALSE,FALSE,2,FALSE,NA,FALSE
"289","Sogdiana",604,TRUE,TRUE,2,TRUE,TRUE,TRUE,TRUE,TRUE,TRUE,TRUE,NA,FALSE,10000,11000,NA,TRUE,TRUE,TRUE,TRUE,1,TRUE,TRUE,TRUE,2,TRUE,TRUE,TRUE
"290","Sogdiana",-248,TRUE,TRUE,4,TRUE,TRUE,TRUE,TRUE,TRUE,TRUE,TRUE,NA,FALSE,6e+05,25000,NA,TRUE,TRUE,TRUE,TRUE,1,TRUE,TRUE,TRUE,3,TRUE,NA,TRUE
"291","Sogdiana",426,TRUE,TRUE,1,TRUE,NA,TRUE,TRUE,TRUE,TRUE,TRUE,TRUE,FALSE,2750000,NA,NA,TRUE,TRUE,TRUE,TRUE,1,TRUE,TRUE,TRUE,2,TRUE,NA,TRUE
"292","Sogdiana",30,TRUE,TRUE,3,TRUE,TRUE,TRUE,NA,TRUE,TRUE,TRUE,NA,FALSE,2e+06,150000,NA,TRUE,TRUE,TRUE,TRUE,2,TRUE,TRUE,TRUE,4,TRUE,NA,TRUE
"293","Sogdiana",-129,TRUE,TRUE,2,TRUE,NA,NA,TRUE,TRUE,TRUE,TRUE,NA,FALSE,10000,NA,NA,TRUE,NA,TRUE,NA,1,TRUE,TRUE,NA,2,TRUE,NA,TRUE
"294","Sogdiana",750,TRUE,TRUE,4,TRUE,TRUE,TRUE,TRUE,TRUE,TRUE,TRUE,TRUE,FALSE,8300000,9e+05,TRUE,TRUE,TRUE,FALSE,TRUE,2,TRUE,TRUE,TRUE,6,TRUE,NA,TRUE
"295","Sogdiana",-520,TRUE,TRUE,4,TRUE,TRUE,TRUE,TRUE,TRUE,TRUE,TRUE,TRUE,FALSE,4800000,2e+05,TRUE,TRUE,TRUE,TRUE,TRUE,3,TRUE,TRUE,TRUE,5,TRUE,NA,TRUE
"296","Sogdiana",-300,TRUE,TRUE,4,TRUE,TRUE,TRUE,TRUE,TRUE,TRUE,TRUE,NA,NA,3600000,50000,TRUE,NA,NA,TRUE,TRUE,4,TRUE,TRUE,TRUE,6,TRUE,NA,TRUE
"297","Sogdiana",564,TRUE,TRUE,0,TRUE,NA,TRUE,TRUE,NA,TRUE,NA,NA,NA,2800000,NA,NA,TRUE,NA,TRUE,TRUE,1,TRUE,TRUE,TRUE,2,TRUE,TRUE,TRUE
"298","Sogdiana",1263,TRUE,TRUE,1,NA,FALSE,TRUE,TRUE,TRUE,TRUE,NA,NA,NA,3500000,NA,TRUE,NA,NA,TRUE,TRUE,1,TRUE,TRUE,TRUE,3,TRUE,NA,TRUE
"299","Sogdiana",-750,TRUE,FALSE,4,FALSE,NA,FALSE,FALSE,FALSE,TRUE,NA,NA,FALSE,NA,10000,FALSE,FALSE,NA,TRUE,NA,1,TRUE,FALSE,FALSE,1,FALSE,NA,FALSE
"300","Sogdiana",876,TRUE,TRUE,4,TRUE,TRUE,TRUE,TRUE,TRUE,TRUE,TRUE,NA,FALSE,6e+05,130000,TRUE,TRUE,TRUE,TRUE,TRUE,3,TRUE,TRUE,TRUE,4,TRUE,NA,TRUE
"301","Sogdiana",231,NA,NA,4,TRUE,TRUE,TRUE,TRUE,TRUE,TRUE,TRUE,NA,FALSE,3100000,250000,TRUE,TRUE,NA,TRUE,FALSE,4,TRUE,NA,TRUE,5,TRUE,NA,TRUE
"302","Sogdiana",1599,NA,TRUE,1,NA,TRUE,TRUE,TRUE,TRUE,TRUE,TRUE,NA,NA,150000,NA,TRUE,TRUE,NA,TRUE,NA,2,TRUE,TRUE,TRUE,5,TRUE,NA,TRUE
"303","Sogdiana",-1400,NA,FALSE,2,NA,NA,NA,FALSE,NA,FALSE,NA,NA,NA,NA,NA,NA,FALSE,NA,NA,NA,1,NA,FALSE,FALSE,1,NA,NA,FALSE
"304","Sogdiana",1370,NA,TRUE,4,TRUE,NA,TRUE,TRUE,TRUE,TRUE,TRUE,NA,NA,5500000,150000,TRUE,TRUE,NA,TRUE,TRUE,1,TRUE,TRUE,TRUE,6,TRUE,NA,TRUE
"305","Sogdiana",-999,NA,FALSE,2,FALSE,NA,NA,FALSE,FALSE,TRUE,NA,NA,FALSE,NA,10000,NA,FALSE,NA,NA,NA,NA,TRUE,FALSE,FALSE,3,NA,NA,FALSE
"306","Southern China Hills",1896,TRUE,FALSE,4,TRUE,FALSE,FALSE,FALSE,FALSE,FALSE,TRUE,NA,FALSE,NA,NA,TRUE,FALSE,FALSE,FALSE,FALSE,1,FALSE,TRUE,TRUE,1,NA,FALSE,FALSE
"307","Southern China Hills",1701,TRUE,FALSE,2,TRUE,FALSE,FALSE,FALSE,FALSE,TRUE,NA,NA,FALSE,10100,5000,FALSE,FALSE,TRUE,FALSE,NA,1,TRUE,FALSE,FALSE,2,NA,FALSE,FALSE
"308","Southern Mesopotamia",-2003,FALSE,NA,2,FALSE,TRUE,TRUE,TRUE,FALSE,TRUE,TRUE,NA,FALSE,NA,175000,NA,TRUE,TRUE,TRUE,TRUE,4,TRUE,TRUE,TRUE,4,FALSE,TRUE,TRUE
"309","Southern Mesopotamia",750,TRUE,TRUE,4,TRUE,TRUE,TRUE,TRUE,TRUE,TRUE,TRUE,TRUE,FALSE,8300000,9e+05,TRUE,TRUE,TRUE,FALSE,TRUE,2,TRUE,TRUE,TRUE,6,TRUE,NA,TRUE
"310","Southern Mesopotamia",1191,TRUE,TRUE,4,NA,TRUE,NA,TRUE,TRUE,TRUE,NA,NA,FALSE,750000,1e+06,NA,TRUE,TRUE,FALSE,TRUE,2,TRUE,TRUE,TRUE,4,TRUE,NA,TRUE
"311","Southern Mesopotamia",-2350,TRUE,TRUE,4,FALSE,TRUE,TRUE,TRUE,FALSE,TRUE,TRUE,TRUE,FALSE,450000,20000,TRUE,TRUE,TRUE,TRUE,TRUE,4,TRUE,TRUE,TRUE,4,FALSE,NA,TRUE
"312","Southern Mesopotamia",-1894,TRUE,NA,NA,NA,TRUE,NA,NA,NA,TRUE,TRUE,NA,NA,4e+05,NA,NA,NA,TRUE,NA,TRUE,NA,NA,NA,TRUE,4,NA,NA,TRUE
"313","Southern Mesopotamia",-1595,TRUE,TRUE,3,FALSE,TRUE,TRUE,TRUE,FALSE,TRUE,TRUE,NA,FALSE,2e+05,NA,NA,TRUE,TRUE,TRUE,NA,3,TRUE,TRUE,TRUE,4,FALSE,TRUE,TRUE
"314","Southern Mesopotamia",-1005,TRUE,TRUE,1,FALSE,TRUE,NA,TRUE,FALSE,TRUE,TRUE,NA,FALSE,NA,NA,NA,TRUE,TRUE,TRUE,NA,3,TRUE,TRUE,TRUE,3,FALSE,TRUE,TRUE
"315","Southern Mesopotamia",-979,TRUE,FALSE,1,FALSE,TRUE,TRUE,TRUE,FALSE,TRUE,TRUE,NA,FALSE,NA,NA,NA,FALSE,TRUE,TRUE,NA,3,TRUE,FALSE,TRUE,3,FALSE,TRUE,TRUE
"316","Southern Mesopotamia",-1153,TRUE,TRUE,3,FALSE,TRUE,TRUE,TRUE,FALSE,TRUE,TRUE,NA,FALSE,NA,NA,NA,TRUE,TRUE,TRUE,NA,3,TRUE,TRUE,TRUE,4,FALSE,TRUE,TRUE
"317","Southern Mesopotamia",-729,TRUE,TRUE,4,FALSE,FALSE,TRUE,NA,FALSE,TRUE,NA,NA,FALSE,1400000,70000,TRUE,NA,TRUE,TRUE,TRUE,3,TRUE,NA,TRUE,6,TRUE,NA,TRUE
"318","Southern Mesopotamia",-626,TRUE,TRUE,4,FALSE,NA,TRUE,TRUE,FALSE,TRUE,TRUE,NA,FALSE,750000,NA,NA,NA,TRUE,TRUE,NA,4,TRUE,TRUE,TRUE,5,NA,TRUE,TRUE
"319","Southern Mesopotamia",-539,TRUE,TRUE,4,TRUE,TRUE,TRUE,TRUE,TRUE,TRUE,TRUE,TRUE,FALSE,4800000,2e+05,TRUE,TRUE,TRUE,TRUE,TRUE,3,TRUE,TRUE,TRUE,5,TRUE,NA,TRUE
"320","Southern Mesopotamia",947,TRUE,TRUE,3,FALSE,TRUE,TRUE,TRUE,TRUE,TRUE,TRUE,NA,NA,9e+05,5e+05,TRUE,NA,NA,NA,TRUE,3,TRUE,TRUE,TRUE,4,NA,NA,TRUE
"321","Southern Mesopotamia",1263,TRUE,TRUE,4,TRUE,TRUE,TRUE,TRUE,TRUE,TRUE,TRUE,NA,TRUE,3800000,1e+05,TRUE,TRUE,TRUE,TRUE,TRUE,3,TRUE,TRUE,TRUE,4,TRUE,NA,TRUE
"322","Southern Mesopotamia",-143,TRUE,TRUE,3,NA,NA,TRUE,TRUE,TRUE,TRUE,TRUE,NA,FALSE,3e+06,4e+05,TRUE,TRUE,TRUE,TRUE,TRUE,3,TRUE,TRUE,TRUE,4,TRUE,NA,TRUE
"323","Southern Mesopotamia",41,TRUE,TRUE,3,NA,NA,TRUE,TRUE,TRUE,TRUE,TRUE,NA,FALSE,1900000,4e+05,TRUE,TRUE,TRUE,TRUE,TRUE,3,TRUE,TRUE,TRUE,4,TRUE,NA,TRUE
"324","Southern Mesopotamia",1471,TRUE,TRUE,4,TRUE,TRUE,TRUE,TRUE,TRUE,TRUE,TRUE,NA,NA,2700000,2e+05,FALSE,TRUE,NA,TRUE,TRUE,5,TRUE,TRUE,TRUE,4,TRUE,NA,TRUE
"325","Southern Mesopotamia",499,TRUE,TRUE,4,TRUE,TRUE,TRUE,TRUE,TRUE,TRUE,TRUE,NA,FALSE,3450000,5e+05,TRUE,TRUE,NA,TRUE,TRUE,4,NA,TRUE,TRUE,6,TRUE,NA,TRUE
"326","Southern Mesopotamia",-312,TRUE,TRUE,4,TRUE,TRUE,TRUE,TRUE,TRUE,TRUE,TRUE,NA,NA,3600000,50000,TRUE,NA,NA,TRUE,TRUE,4,TRUE,TRUE,TRUE,6,TRUE,NA,TRUE
"327","Southern Mesopotamia",1056,TRUE,TRUE,3,TRUE,TRUE,TRUE,TRUE,TRUE,TRUE,TRUE,NA,FALSE,4e+06,5e+05,TRUE,TRUE,TRUE,TRUE,TRUE,3,TRUE,TRUE,TRUE,4,TRUE,NA,TRUE
"328","Southern Mesopotamia",661,TRUE,TRUE,4,TRUE,TRUE,TRUE,TRUE,TRUE,TRUE,TRUE,TRUE,FALSE,9e+06,2e+05,TRUE,TRUE,TRUE,TRUE,TRUE,2,TRUE,TRUE,TRUE,6,TRUE,NA,TRUE
"329","Southern Mesopotamia",1534,TRUE,TRUE,4,TRUE,TRUE,TRUE,TRUE,TRUE,TRUE,TRUE,TRUE,FALSE,4836000,650000,TRUE,TRUE,TRUE,TRUE,TRUE,4,TRUE,TRUE,TRUE,6,TRUE,NA,TRUE
"330","Southern Mesopotamia",1683,TRUE,TRUE,4,TRUE,TRUE,TRUE,TRUE,TRUE,TRUE,TRUE,TRUE,FALSE,4920000,7e+05,TRUE,TRUE,NA,TRUE,TRUE,4,TRUE,TRUE,TRUE,6,TRUE,NA,TRUE
"331","Southern Mesopotamia",-5500,NA,FALSE,NA,FALSE,NA,NA,FALSE,FALSE,TRUE,NA,NA,FALSE,NA,750,NA,FALSE,TRUE,NA,NA,NA,NA,FALSE,FALSE,2,FALSE,TRUE,FALSE
"332","Southern Mesopotamia",-4200,NA,NA,NA,FALSE,NA,FALSE,FALSE,FALSE,TRUE,NA,NA,FALSE,2000,7000,NA,FALSE,TRUE,NA,NA,NA,NA,NA,TRUE,4,FALSE,TRUE,TRUE
"333","Southern Mesopotamia",220,NA,NA,4,TRUE,TRUE,TRUE,TRUE,TRUE,TRUE,TRUE,NA,FALSE,3100000,250000,TRUE,TRUE,NA,TRUE,FALSE,4,TRUE,NA,TRUE,5,TRUE,NA,TRUE
"334","Southern Mesopotamia",1394,NA,TRUE,4,TRUE,NA,TRUE,TRUE,TRUE,TRUE,TRUE,NA,NA,5500000,150000,TRUE,TRUE,NA,TRUE,TRUE,1,TRUE,TRUE,TRUE,6,TRUE,NA,TRUE
"335","Southern Mesopotamia",-2900,NA,TRUE,2,FALSE,NA,NA,TRUE,FALSE,TRUE,NA,NA,FALSE,1200,NA,NA,NA,TRUE,NA,TRUE,NA,NA,NA,TRUE,4,FALSE,NA,TRUE
"336","Southern Mesopotamia",-2112,NA,TRUE,4,FALSE,TRUE,TRUE,TRUE,FALSE,TRUE,NA,NA,FALSE,NA,2e+05,TRUE,TRUE,TRUE,NA,TRUE,4,TRUE,NA,TRUE,4,TRUE,NA,TRUE
"337","Southern Mesopotamia",-9000,NA,NA,NA,NA,NA,NA,NA,NA,FALSE,FALSE,NA,NA,NA,NA,NA,NA,NA,NA,NA,NA,NA,NA,NA,1,FALSE,NA,NA
"338","Susiana",-5700,TRUE,FALSE,2,NA,FALSE,FALSE,FALSE,NA,TRUE,NA,NA,NA,NA,175,FALSE,FALSE,TRUE,TRUE,FALSE,1,FALSE,FALSE,FALSE,1,FALSE,NA,FALSE
"339","Susiana",-2675,TRUE,TRUE,3,NA,TRUE,TRUE,NA,NA,TRUE,TRUE,TRUE,NA,2e+05,2300,TRUE,TRUE,TRUE,TRUE,TRUE,2,TRUE,NA,TRUE,2,TRUE,NA,TRUE
"340","Susiana",-1100,TRUE,NA,2,FALSE,NA,FALSE,NA,FALSE,FALSE,NA,NA,FALSE,NA,NA,NA,NA,NA,NA,NA,NA,NA,NA,NA,NA,NA,NA,NA
"341","Susiana",25,TRUE,TRUE,4,TRUE,TRUE,NA,TRUE,TRUE,TRUE,TRUE,NA,FALSE,NA,10000,NA,TRUE,NA,NA,NA,NA,TRUE,TRUE,TRUE,4,TRUE,NA,TRUE
"342","Susiana",-4700,TRUE,FALSE,2,NA,FALSE,FALSE,FALSE,NA,TRUE,NA,NA,NA,NA,750,NA,FALSE,TRUE,TRUE,FALSE,NA,FALSE,FALSE,FALSE,2,FALSE,NA,FALSE
"343","Susiana",-5100,TRUE,FALSE,2,NA,FALSE,FALSE,FALSE,NA,TRUE,NA,NA,NA,NA,750,NA,FALSE,TRUE,TRUE,FALSE,1,FALSE,FALSE,FALSE,2,FALSE,NA,FALSE
"344","Susiana",-1500,TRUE,TRUE,4,FALSE,TRUE,TRUE,NA,FALSE,NA,NA,TRUE,FALSE,230000,1500,NA,TRUE,NA,TRUE,NA,2,TRUE,NA,TRUE,4,TRUE,NA,TRUE
"345","Susiana",-1400,TRUE,TRUE,4,FALSE,TRUE,TRUE,NA,FALSE,NA,TRUE,TRUE,FALSE,290000,5000,NA,TRUE,NA,TRUE,NA,2,TRUE,NA,TRUE,4,TRUE,NA,TRUE
"346","Susiana",-1200,TRUE,TRUE,4,FALSE,TRUE,TRUE,NA,FALSE,TRUE,TRUE,TRUE,FALSE,250000,NA,NA,TRUE,TRUE,TRUE,TRUE,2,TRUE,NA,TRUE,4,TRUE,NA,TRUE
"347","Susiana",-900,TRUE,NA,2,FALSE,NA,NA,NA,FALSE,TRUE,NA,NA,FALSE,NA,NA,NA,NA,NA,TRUE,NA,NA,TRUE,NA,NA,3,NA,NA,NA
"348","Susiana",-743,TRUE,NA,4,FALSE,TRUE,TRUE,NA,FALSE,TRUE,TRUE,TRUE,FALSE,3e+05,NA,NA,NA,NA,TRUE,TRUE,NA,TRUE,NA,TRUE,4,TRUE,NA,TRUE
"349","Susiana",-612,TRUE,NA,2,FALSE,NA,TRUE,NA,FALSE,NA,TRUE,TRUE,FALSE,NA,NA,NA,TRUE,NA,TRUE,NA,NA,TRUE,NA,TRUE,NA,TRUE,NA,TRUE
"350","Susiana",-1900,TRUE,TRUE,2,FALSE,TRUE,TRUE,NA,FALSE,TRUE,TRUE,TRUE,FALSE,NA,6500,NA,TRUE,TRUE,TRUE,NA,2,TRUE,NA,TRUE,3,TRUE,NA,TRUE
"351","Susiana",-4300,TRUE,FALSE,2,NA,FALSE,NA,FALSE,NA,TRUE,NA,NA,NA,1,350,NA,FALSE,TRUE,TRUE,FALSE,1,FALSE,FALSE,FALSE,2,NA,NA,FALSE
"352","Susiana",-3800,TRUE,TRUE,4,NA,NA,TRUE,NA,NA,TRUE,NA,TRUE,NA,NA,250,TRUE,TRUE,TRUE,TRUE,TRUE,2,TRUE,NA,TRUE,4,NA,NA,TRUE
"353","Susiana",-3100,TRUE,TRUE,4,NA,NA,TRUE,NA,NA,TRUE,NA,TRUE,NA,NA,2500,NA,TRUE,TRUE,NA,TRUE,2,TRUE,NA,TRUE,2,TRUE,NA,TRUE
"354","Susiana",750,TRUE,TRUE,4,TRUE,TRUE,TRUE,TRUE,TRUE,TRUE,TRUE,TRUE,FALSE,8300000,9e+05,TRUE,TRUE,TRUE,FALSE,TRUE,2,TRUE,TRUE,TRUE,6,TRUE,NA,TRUE
"355","Susiana",1191,TRUE,TRUE,4,NA,TRUE,NA,TRUE,TRUE,TRUE,NA,NA,FALSE,750000,1e+06,NA,TRUE,TRUE,FALSE,TRUE,2,TRUE,TRUE,TRUE,4,TRUE,NA,TRUE
"356","Susiana",-2250,TRUE,TRUE,4,FALSE,TRUE,TRUE,TRUE,FALSE,TRUE,TRUE,TRUE,FALSE,450000,20000,TRUE,TRUE,TRUE,TRUE,TRUE,4,TRUE,TRUE,TRUE,4,FALSE,NA,TRUE
"357","Susiana",-539,TRUE,TRUE,4,TRUE,TRUE,TRUE,TRUE,TRUE,TRUE,TRUE,TRUE,FALSE,4800000,2e+05,TRUE,TRUE,TRUE,TRUE,TRUE,3,TRUE,TRUE,TRUE,5,TRUE,NA,TRUE
"358","Susiana",-7000,TRUE,FALSE,2,FALSE,FALSE,FALSE,FALSE,FALSE,FALSE,FALSE,NA,FALSE,NA,175,NA,FALSE,NA,FALSE,FALSE,1,FALSE,FALSE,FALSE,1,FALSE,NA,FALSE
"359","Susiana",947,TRUE,TRUE,3,FALSE,TRUE,TRUE,TRUE,TRUE,TRUE,TRUE,NA,NA,9e+05,5e+05,TRUE,NA,NA,NA,TRUE,3,TRUE,TRUE,TRUE,4,NA,NA,TRUE
"360","Susiana",1263,TRUE,TRUE,4,TRUE,TRUE,TRUE,TRUE,TRUE,TRUE,TRUE,NA,TRUE,3800000,1e+05,TRUE,TRUE,TRUE,TRUE,TRUE,3,TRUE,TRUE,TRUE,4,TRUE,NA,TRUE
"361","Susiana",-143,TRUE,TRUE,3,NA,NA,TRUE,TRUE,TRUE,TRUE,TRUE,NA,FALSE,3e+06,4e+05,TRUE,TRUE,TRUE,TRUE,TRUE,3,TRUE,TRUE,TRUE,4,TRUE,NA,TRUE
"362","Susiana",1505,TRUE,TRUE,4,TRUE,TRUE,TRUE,TRUE,TRUE,TRUE,TRUE,NA,NA,2700000,2e+05,FALSE,TRUE,NA,TRUE,TRUE,5,TRUE,TRUE,TRUE,4,TRUE,NA,TRUE
"363","Susiana",499,TRUE,TRUE,4,TRUE,TRUE,TRUE,TRUE,TRUE,TRUE,TRUE,NA,FALSE,3450000,5e+05,TRUE,TRUE,NA,TRUE,TRUE,4,NA,TRUE,TRUE,6,TRUE,NA,TRUE
"364","Susiana",-312,TRUE,TRUE,4,TRUE,TRUE,TRUE,TRUE,TRUE,TRUE,TRUE,NA,NA,3600000,50000,TRUE,NA,NA,TRUE,TRUE,4,TRUE,TRUE,TRUE,6,TRUE,NA,TRUE
"365","Susiana",1056,TRUE,TRUE,3,TRUE,TRUE,TRUE,TRUE,TRUE,TRUE,TRUE,NA,FALSE,4e+06,5e+05,TRUE,TRUE,TRUE,TRUE,TRUE,3,TRUE,TRUE,TRUE,4,TRUE,NA,TRUE
"366","Susiana",-1700,TRUE,TRUE,2,FALSE,TRUE,TRUE,NA,FALSE,TRUE,TRUE,TRUE,NA,NA,6500,NA,TRUE,NA,TRUE,TRUE,2,TRUE,NA,TRUE,3,TRUE,NA,TRUE
"367","Susiana",663,TRUE,TRUE,4,TRUE,TRUE,TRUE,TRUE,TRUE,TRUE,TRUE,TRUE,FALSE,9e+06,2e+05,TRUE,TRUE,TRUE,TRUE,TRUE,2,TRUE,TRUE,TRUE,6,TRUE,NA,TRUE
"368","Susiana",1471,NA,TRUE,0,TRUE,TRUE,TRUE,TRUE,TRUE,NA,TRUE,NA,NA,1800000,NA,TRUE,TRUE,NA,NA,TRUE,1,TRUE,TRUE,TRUE,3,TRUE,NA,TRUE
"369","Susiana",-7200,NA,FALSE,2,NA,FALSE,FALSE,FALSE,NA,FALSE,NA,NA,NA,NA,250,FALSE,FALSE,NA,FALSE,NA,0,FALSE,FALSE,FALSE,1,FALSE,NA,FALSE
"370","Susiana",-6000,NA,FALSE,NA,FALSE,FALSE,FALSE,FALSE,FALSE,TRUE,NA,NA,FALSE,NA,175,NA,FALSE,NA,FALSE,FALSE,1,NA,FALSE,FALSE,1,FALSE,NA,FALSE
"371","Susiana",-7800,NA,FALSE,2,NA,FALSE,FALSE,FALSE,NA,FALSE,NA,NA,NA,NA,250,FALSE,FALSE,NA,FALSE,FALSE,0,FALSE,FALSE,FALSE,1,FALSE,NA,FALSE
"372","Susiana",220,NA,NA,4,TRUE,TRUE,TRUE,TRUE,TRUE,TRUE,TRUE,NA,FALSE,3100000,250000,TRUE,TRUE,NA,TRUE,FALSE,4,TRUE,NA,TRUE,5,TRUE,NA,TRUE
"373","Susiana",1394,NA,TRUE,4,TRUE,NA,TRUE,TRUE,TRUE,TRUE,TRUE,NA,NA,5500000,150000,TRUE,TRUE,NA,TRUE,TRUE,1,TRUE,TRUE,TRUE,6,TRUE,NA,TRUE
"374","Susiana",1794,NA,TRUE,4,NA,TRUE,TRUE,TRUE,TRUE,NA,TRUE,NA,NA,2e+06,70000,NA,TRUE,NA,TRUE,TRUE,NA,TRUE,TRUE,TRUE,5,TRUE,NA,TRUE
"375","Susiana",-2028,NA,TRUE,3,FALSE,NA,TRUE,NA,FALSE,TRUE,NA,TRUE,FALSE,NA,6500,NA,TRUE,TRUE,TRUE,NA,2,NA,NA,TRUE,3,TRUE,NA,TRUE
"376","Susiana",-2112,NA,TRUE,4,FALSE,TRUE,TRUE,TRUE,FALSE,TRUE,NA,NA,FALSE,NA,2e+05,TRUE,TRUE,TRUE,NA,TRUE,4,TRUE,NA,TRUE,4,TRUE,NA,TRUE
"377","Upper Egypt",-4400,TRUE,FALSE,NA,FALSE,FALSE,FALSE,FALSE,FALSE,FALSE,FALSE,FALSE,FALSE,NA,25,FALSE,FALSE,NA,FALSE,FALSE,1,FALSE,FALSE,FALSE,1,FALSE,NA,FALSE
"378","Upper Egypt",-31,TRUE,TRUE,4,TRUE,TRUE,TRUE,TRUE,TRUE,TRUE,TRUE,NA,FALSE,5800000,9e+05,TRUE,TRUE,TRUE,TRUE,TRUE,4,TRUE,TRUE,TRUE,7,TRUE,TRUE,TRUE
"379","Upper Egypt",1171,TRUE,TRUE,4,FALSE,TRUE,TRUE,TRUE,TRUE,TRUE,TRUE,TRUE,FALSE,1500000,2e+05,NA,TRUE,TRUE,TRUE,TRUE,4,TRUE,TRUE,TRUE,5,TRUE,TRUE,TRUE
"380","Upper Egypt",-3100,TRUE,TRUE,4,FALSE,FALSE,TRUE,FALSE,FALSE,TRUE,NA,NA,FALSE,50000,6000,FALSE,TRUE,TRUE,FALSE,FALSE,3,TRUE,TRUE,TRUE,4,FALSE,TRUE,TRUE
"381","Upper Egypt",-2900,TRUE,TRUE,4,FALSE,FALSE,TRUE,FALSE,FALSE,TRUE,NA,NA,FALSE,3e+05,6000,FALSE,TRUE,TRUE,FALSE,FALSE,3,TRUE,TRUE,TRUE,4,FALSE,NA,TRUE
"382","Upper Egypt",-404,TRUE,TRUE,4,TRUE,TRUE,TRUE,TRUE,TRUE,TRUE,TRUE,NA,FALSE,5e+05,50000,TRUE,TRUE,TRUE,TRUE,TRUE,2,TRUE,TRUE,TRUE,4,TRUE,NA,TRUE
"383","Upper Egypt",1260,TRUE,TRUE,4,TRUE,TRUE,TRUE,TRUE,TRUE,TRUE,TRUE,TRUE,FALSE,2100000,2e+05,TRUE,TRUE,TRUE,TRUE,TRUE,3,TRUE,TRUE,TRUE,6,TRUE,NA,TRUE
"384","Upper Egypt",1412,TRUE,TRUE,4,TRUE,TRUE,TRUE,TRUE,TRUE,TRUE,TRUE,TRUE,FALSE,2100000,150000,TRUE,TRUE,TRUE,TRUE,TRUE,3,TRUE,TRUE,TRUE,6,TRUE,NA,TRUE
"385","Upper Egypt",1348,TRUE,TRUE,4,TRUE,TRUE,TRUE,TRUE,TRUE,TRUE,TRUE,TRUE,FALSE,2100000,150000,TRUE,TRUE,TRUE,TRUE,TRUE,3,TRUE,TRUE,TRUE,6,TRUE,NA,TRUE
"386","Upper Egypt",-2016,TRUE,TRUE,4,FALSE,TRUE,TRUE,NA,FALSE,TRUE,TRUE,NA,FALSE,450000,30000,FALSE,TRUE,TRUE,TRUE,TRUE,4,TRUE,TRUE,TRUE,4,NA,NA,TRUE
"387","Upper Egypt",-3800,TRUE,FALSE,NA,FALSE,FALSE,FALSE,FALSE,FALSE,TRUE,FALSE,NA,FALSE,5000,50,FALSE,FALSE,TRUE,FALSE,FALSE,1,FALSE,FALSE,FALSE,2,FALSE,TRUE,FALSE
"388","Upper Egypt",-3550,TRUE,FALSE,NA,FALSE,FALSE,TRUE,FALSE,FALSE,NA,FALSE,NA,FALSE,5000,5000,FALSE,FALSE,TRUE,FALSE,FALSE,NA,FALSE,FALSE,TRUE,2,TRUE,TRUE,FALSE
"389","Upper Egypt",-3300,TRUE,NA,2,FALSE,FALSE,TRUE,NA,FALSE,TRUE,TRUE,NA,FALSE,5000,5000,FALSE,NA,TRUE,FALSE,FALSE,2,FALSE,NA,TRUE,2,TRUE,TRUE,TRUE
"390","Upper Egypt",-1293,TRUE,TRUE,4,FALSE,TRUE,TRUE,FALSE,FALSE,TRUE,TRUE,TRUE,FALSE,746000,250000,NA,TRUE,TRUE,TRUE,TRUE,5,TRUE,TRUE,TRUE,4,TRUE,NA,TRUE
"391","Upper Egypt",-1550,TRUE,TRUE,4,FALSE,TRUE,TRUE,TRUE,FALSE,TRUE,TRUE,NA,FALSE,9e+05,30000,FALSE,TRUE,TRUE,TRUE,TRUE,5,TRUE,TRUE,TRUE,5,TRUE,NA,TRUE
"392","Upper Egypt",-2650,TRUE,TRUE,4,FALSE,FALSE,TRUE,TRUE,FALSE,TRUE,TRUE,NA,FALSE,75000,50000,FALSE,TRUE,TRUE,FALSE,NA,6,TRUE,TRUE,TRUE,4,TRUE,NA,TRUE
"393","Upper Egypt",-2350,TRUE,TRUE,4,FALSE,FALSE,TRUE,TRUE,FALSE,TRUE,TRUE,NA,FALSE,75000,30000,FALSE,TRUE,TRUE,FALSE,NA,6,TRUE,TRUE,TRUE,4,TRUE,TRUE,TRUE
"394","Upper Egypt",-305,TRUE,TRUE,4,TRUE,TRUE,TRUE,TRUE,TRUE,TRUE,TRUE,TRUE,FALSE,1e+06,160000,TRUE,TRUE,TRUE,TRUE,TRUE,1,TRUE,TRUE,TRUE,6,TRUE,TRUE,TRUE
"395","Upper Egypt",-217,TRUE,TRUE,4,TRUE,TRUE,TRUE,TRUE,TRUE,TRUE,TRUE,TRUE,FALSE,833000,5e+05,TRUE,TRUE,TRUE,TRUE,TRUE,1,TRUE,TRUE,TRUE,6,TRUE,TRUE,TRUE
"396","Upper Egypt",-2150,TRUE,TRUE,4,FALSE,TRUE,TRUE,TRUE,FALSE,TRUE,FALSE,NA,FALSE,20000,30000,FALSE,TRUE,NA,TRUE,TRUE,2,TRUE,TRUE,TRUE,4,TRUE,NA,TRUE
"397","Upper Egypt",-655,TRUE,TRUE,4,FALSE,TRUE,TRUE,TRUE,FALSE,TRUE,TRUE,NA,FALSE,3e+05,25000,NA,TRUE,TRUE,TRUE,TRUE,3,TRUE,TRUE,TRUE,4,TRUE,NA,TRUE
"398","Upper Egypt",-1720,TRUE,TRUE,2,FALSE,TRUE,TRUE,TRUE,FALSE,FALSE,TRUE,NA,FALSE,10000,50000,FALSE,NA,TRUE,TRUE,TRUE,3,TRUE,TRUE,TRUE,4,TRUE,NA,TRUE
"399","Upper Egypt",-1070,TRUE,TRUE,2,FALSE,NA,TRUE,TRUE,FALSE,TRUE,TRUE,NA,FALSE,190000,120000,FALSE,TRUE,TRUE,TRUE,TRUE,3,TRUE,TRUE,TRUE,3,TRUE,NA,TRUE
"400","Upper Egypt",868,TRUE,TRUE,4,TRUE,TRUE,TRUE,TRUE,TRUE,TRUE,TRUE,TRUE,FALSE,8e+05,150000,TRUE,TRUE,TRUE,FALSE,TRUE,2,TRUE,TRUE,TRUE,6,TRUE,NA,TRUE
"401","Upper Egypt",750,TRUE,TRUE,4,TRUE,TRUE,TRUE,TRUE,TRUE,TRUE,TRUE,TRUE,FALSE,8300000,9e+05,TRUE,TRUE,TRUE,FALSE,TRUE,2,TRUE,TRUE,TRUE,6,TRUE,NA,TRUE
"402","Upper Egypt",-525,TRUE,TRUE,4,TRUE,TRUE,TRUE,TRUE,TRUE,TRUE,TRUE,TRUE,FALSE,4800000,2e+05,TRUE,TRUE,TRUE,TRUE,TRUE,3,TRUE,TRUE,TRUE,5,TRUE,NA,TRUE
"403","Upper Egypt",-760,TRUE,TRUE,3,FALSE,NA,TRUE,TRUE,FALSE,TRUE,TRUE,NA,FALSE,6e+05,65000,NA,TRUE,TRUE,TRUE,TRUE,6,TRUE,TRUE,TRUE,4,TRUE,NA,TRUE
"404","Upper Egypt",661,TRUE,TRUE,4,TRUE,TRUE,TRUE,TRUE,TRUE,TRUE,TRUE,TRUE,FALSE,9e+06,2e+05,TRUE,TRUE,TRUE,TRUE,TRUE,2,TRUE,TRUE,TRUE,6,TRUE,NA,TRUE
"405","Upper Egypt",970,TRUE,TRUE,4,TRUE,TRUE,TRUE,TRUE,TRUE,TRUE,TRUE,TRUE,FALSE,631000,120000,TRUE,TRUE,TRUE,TRUE,TRUE,5,TRUE,TRUE,TRUE,6,TRUE,NA,TRUE
"406","Upper Egypt",395,TRUE,TRUE,4,TRUE,TRUE,TRUE,TRUE,TRUE,TRUE,TRUE,TRUE,FALSE,1400000,5e+05,TRUE,TRUE,TRUE,TRUE,TRUE,7,TRUE,TRUE,TRUE,6,TRUE,TRUE,TRUE
"407","Upper Egypt",1517,TRUE,TRUE,4,TRUE,TRUE,TRUE,TRUE,TRUE,TRUE,TRUE,TRUE,FALSE,4836000,650000,TRUE,TRUE,TRUE,TRUE,TRUE,4,TRUE,TRUE,TRUE,6,TRUE,NA,TRUE
"408","Upper Egypt",1683,TRUE,TRUE,4,TRUE,TRUE,TRUE,TRUE,TRUE,TRUE,TRUE,TRUE,FALSE,4920000,7e+05,TRUE,TRUE,NA,TRUE,TRUE,4,TRUE,TRUE,TRUE,6,TRUE,NA,TRUE
"409","Upper Egypt",284,TRUE,TRUE,4,FALSE,TRUE,TRUE,TRUE,TRUE,TRUE,TRUE,NA,FALSE,4e+06,8e+05,TRUE,TRUE,TRUE,TRUE,TRUE,5,TRUE,TRUE,TRUE,7,TRUE,TRUE,TRUE
"410","Valley of Oaxaca",1101,FALSE,TRUE,2,FALSE,NA,FALSE,FALSE,FALSE,NA,NA,FALSE,FALSE,NA,4236,FALSE,FALSE,FALSE,TRUE,TRUE,3,FALSE,FALSE,TRUE,2,NA,FALSE,TRUE
"411","Valley of Oaxaca",900,FALSE,TRUE,2,FALSE,NA,FALSE,FALSE,FALSE,NA,NA,FALSE,FALSE,NA,4236,FALSE,FALSE,FALSE,TRUE,TRUE,3,FALSE,FALSE,TRUE,2,NA,FALSE,TRUE
"412","Valley of Oaxaca",-1150,FALSE,FALSE,2,FALSE,FALSE,FALSE,FALSE,FALSE,FALSE,FALSE,NA,FALSE,NA,791,FALSE,FALSE,FALSE,FALSE,FALSE,1,FALSE,FALSE,FALSE,2,FALSE,FALSE,FALSE
"413","Valley of Oaxaca",1516,TRUE,TRUE,3,TRUE,TRUE,TRUE,TRUE,TRUE,TRUE,TRUE,NA,FALSE,7100000,224000,TRUE,TRUE,TRUE,TRUE,TRUE,10,TRUE,TRUE,TRUE,7,TRUE,NA,TRUE
"414","Valley of Oaxaca",-500,NA,TRUE,NA,FALSE,FALSE,FALSE,FALSE,FALSE,FALSE,TRUE,FALSE,FALSE,1300,5280,FALSE,FALSE,FALSE,FALSE,FALSE,1,FALSE,FALSE,TRUE,2,FALSE,NA,TRUE
"415","Valley of Oaxaca",-300,NA,TRUE,4,FALSE,FALSE,NA,FALSE,FALSE,TRUE,TRUE,FALSE,FALSE,5000,17200,FALSE,FALSE,FALSE,TRUE,TRUE,1,FALSE,FALSE,TRUE,4,FALSE,NA,TRUE
"416","Valley of Oaxaca",-100,NA,TRUE,4,FALSE,FALSE,NA,FALSE,FALSE,TRUE,TRUE,FALSE,FALSE,20000,14500,FALSE,FALSE,FALSE,TRUE,TRUE,NA,FALSE,FALSE,TRUE,4,TRUE,NA,TRUE
"417","Valley of Oaxaca",200,NA,TRUE,4,FALSE,FALSE,NA,FALSE,FALSE,TRUE,TRUE,FALSE,FALSE,3000,15000,FALSE,FALSE,FALSE,TRUE,NA,NA,FALSE,FALSE,TRUE,4,TRUE,NA,TRUE
"418","Valley of Oaxaca",500,NA,TRUE,2,FALSE,FALSE,NA,FALSE,FALSE,TRUE,TRUE,FALSE,FALSE,NA,15000,FALSE,FALSE,FALSE,TRUE,TRUE,NA,FALSE,FALSE,TRUE,3,TRUE,NA,TRUE
"419","Valley of Oaxaca",-700,NA,TRUE,2,FALSE,FALSE,FALSE,FALSE,FALSE,FALSE,FALSE,FALSE,FALSE,50,1000,FALSE,FALSE,FALSE,NA,FALSE,1,FALSE,FALSE,TRUE,3,FALSE,NA,TRUE
"420","Valley of Oaxaca",-1400,NA,FALSE,2,FALSE,FALSE,FALSE,FALSE,FALSE,FALSE,FALSE,NA,FALSE,NA,71,FALSE,FALSE,FALSE,FALSE,FALSE,1,FALSE,FALSE,FALSE,1,FALSE,NA,FALSE
"421","Yemeni Coastal Plain",1454,TRUE,TRUE,4,TRUE,TRUE,TRUE,TRUE,TRUE,TRUE,TRUE,NA,FALSE,NA,NA,NA,TRUE,TRUE,TRUE,TRUE,3,TRUE,TRUE,TRUE,4,TRUE,NA,TRUE
"422","Yemeni Coastal Plain",1538,TRUE,TRUE,4,TRUE,TRUE,TRUE,TRUE,TRUE,TRUE,TRUE,TRUE,FALSE,4920000,7e+05,TRUE,TRUE,NA,TRUE,TRUE,4,TRUE,TRUE,TRUE,6,TRUE,NA,TRUE
"423","Yemeni Coastal Plain",1637,NA,TRUE,0,NA,TRUE,TRUE,TRUE,TRUE,FALSE,TRUE,FALSE,FALSE,NA,NA,NA,NA,NA,FALSE,TRUE,3,NA,TRUE,TRUE,3,TRUE,NA,TRUE
"424","Yemeni Coastal Plain",-450,NA,TRUE,2,NA,NA,NA,FALSE,NA,TRUE,TRUE,NA,NA,NA,30000,NA,FALSE,NA,NA,NA,NA,TRUE,FALSE,TRUE,3,NA,NA,TRUE
"425","Yemeni Coastal Plain",-800,NA,TRUE,2,NA,NA,NA,FALSE,NA,TRUE,NA,NA,NA,NA,30000,NA,FALSE,NA,NA,NA,NA,NA,FALSE,TRUE,3,NA,NA,TRUE
"426","Yemeni Coastal Plain",-110,NA,TRUE,NA,NA,NA,NA,FALSE,NA,TRUE,NA,NA,NA,NA,NA,NA,FALSE,NA,NA,NA,NA,TRUE,FALSE,TRUE,2,NA,NA,TRUE
"427","Yemeni Coastal Plain",-1200,NA,NA,NA,NA,NA,NA,NA,NA,NA,NA,NA,NA,NA,NA,NA,NA,NA,NA,NA,NA,NA,NA,NA,2,NA,NA,NA
"428","Yemeni Coastal Plain",-3500,NA,NA,NA,NA,NA,NA,NA,NA,NA,NA,NA,NA,NA,NA,NA,NA,NA,NA,NA,NA,NA,NA,NA,1,NA,NA,NA
